date,a__team,h__team,a__goals_p1,a__goals_p2,a__goals_p3,a__goals_ot,a__goals_total,h__goals_p1,h__goals_p2,h__goals_p3,h__goals_ot,h__goals_total,moneyline,fav,over_under
2021-10-12,PIT,TB,0,2,4,0,6,0,0,2,0,2,-280,Home,5.5
2021-10-12,SEA,VGK,0,2,1,0,3,2,1,1,0,4,-240,Home,5.5
2021-10-13,MTL,TOR,1,0,0,0,1,1,0,1,0,2,-200,Home,6
2021-10-13,NYR,WAS,0,0,1,0,1,1,2,2,0,5,0,Even,6
2021-10-13,CHI,COL,1,0,1,0,2,3,1,0,0,4,-190,Home,6
2021-10-13,VAN,EDM,0,0,2,0,2,1,1,0,1,3,-200,Home,6.5
2021-10-13,WPG,ANA,0,1,0,0,1,2,1,1,0,4,-145,Away,5.5
2021-10-14,ARI,CBJ,0,1,1,0,2,2,3,3,0,8,-160,Home,5.5
2021-10-14,DAL,NYR,1,1,0,1,3,0,2,0,0,2,-135,Home,6
2021-10-14,MTL,BUF,0,1,0,0,1,2,2,1,0,5,-145,Away,5.5
2021-10-14,NYI,CAR,1,2,0,0,3,2,2,2,0,6,-130,Home,5.5
2021-10-14,PIT,FLA,0,2,2,0,4,1,1,2,1,5,-180,Home,6.5
2021-10-14,TOR,OTT,0,0,2,0,2,3,0,0,0,3,-175,Away,6.5
2021-10-14,TB,DET,0,3,3,1,7,1,3,2,0,6,-220,Away,5.5
2021-10-14,SEA,NSH,2,1,1,0,4,1,1,1,0,3,-130,Home,5.5
2021-10-14,VGK,LA,1,0,1,0,2,2,3,1,0,6,-160,Away,5.5
2021-10-15,CHI,NJ,0,1,2,0,3,1,1,1,1,4,-135,Home,6
2021-10-15,VAN,PHI,0,4,0,1,5,1,1,2,0,4,-140,Home,6
2021-10-15,MIN,ANA,0,1,1,0,2,0,1,0,0,1,-175,Away,5.5
2021-10-16,ARI,BUF,1,0,0,0,1,0,1,0,1,2,-125,Home,5.5
2021-10-16,NYI,FLA,0,0,1,0,1,1,2,2,0,5,-140,Home,5.5
2021-10-16,CHI,PIT,0,1,1,0,2,4,1,0,0,5,-135,Home,6
2021-10-16,DAL,BOS,0,1,0,0,1,1,0,2,0,3,-180,Home,5.5
2021-10-16,NYR,MTL,0,1,2,0,3,0,0,1,0,1,0,Even,6
2021-10-16,OTT,TOR,0,1,0,0,1,2,0,1,0,3,-280,Home,6
2021-10-16,SEA,CBJ,0,1,0,0,1,0,0,1,1,2,-115,Away,5.5
2021-10-16,TB,WAS,0,0,1,1,2,0,1,0,0,1,-125,Away,6.5
2021-10-16,VAN,DET,0,1,0,0,1,1,1,1,0,3,-125,Away,5.5
2021-10-16,CAR,NSH,1,0,2,0,3,0,1,1,0,2,-115,Away,5.5
2021-10-16,STL,COL,1,2,2,0,5,0,1,2,0,3,-150,Home,5.5
2021-10-16,CGY,EDM,0,1,1,0,2,2,1,2,0,5,-160,Home,6
2021-10-16,WPG,SJ,1,1,1,0,3,0,2,2,0,4,-140,Away,6.5
2021-10-16,MIN,LA,0,3,0,0,3,0,1,1,0,2,-120,Away,6
2021-10-17,DAL,OTT,1,0,1,0,2,1,2,0,0,3,-140,Away,5.5
2021-10-18,NYR,TOR,1,0,0,1,2,0,1,0,0,1,-180,Home,6
2021-10-18,SEA,PHI,0,1,0,0,1,3,2,1,0,6,-140,Home,5.5
2021-10-18,ANA,CGY,1,0,1,1,3,1,1,0,0,2,-200,Home,5.5
2021-10-18,STL,ARI,1,5,1,0,7,1,1,2,0,4,-180,Away,5.5
2021-10-19,COL,WAS,1,1,1,0,3,2,2,2,0,6,-130,Away,6
2021-10-19,DAL,PIT,1,0,0,1,2,0,1,0,0,1,-130,Home,5.5
2021-10-19,FLA,TB,0,1,3,0,4,0,0,1,0,1,-115,Home,6
2021-10-19,SEA,NJ,0,1,1,0,2,2,1,1,0,4,-160,Home,6
2021-10-19,SJ,MTL,3,1,1,0,5,0,0,0,0,0,-160,Home,6
2021-10-19,VAN,BUF,2,0,0,0,2,1,1,3,0,5,-160,Away,6
2021-10-19,CBJ,DET,0,0,1,0,1,0,0,4,0,4,-120,Home,5.5
2021-10-19,LA,NSH,0,1,0,0,1,0,0,2,0,2,-135,Home,5.5
2021-10-19,NYI,CHI,0,1,3,0,4,0,0,1,0,1,-115,Away,5.5
2021-10-19,WPG,MIN,2,1,2,0,5,2,1,2,1,6,-150,Home,5.5
2021-10-19,ANA,EDM,2,2,1,0,5,3,0,3,0,6,-300,Home,6
2021-10-20,BOS,PHI,1,2,0,0,3,2,1,3,0,6,-135,Away,5.5
2021-10-20,STL,VGK,0,1,2,0,3,1,0,0,0,1,-125,Home,5.5
2021-10-21,CAR,MTL,0,2,2,0,4,0,1,0,0,1,-130,Away,5.5
2021-10-21,COL,FLA,1,0,0,0,1,1,2,1,0,4,-125,Home,6.5
2021-10-21,NYI,CBJ,0,1,1,0,2,0,2,0,1,3,-145,Away,5.5
2021-10-21,SJ,OTT,0,2,0,0,2,1,0,0,0,1,-115,Away,6
2021-10-21,WAS,NJ,2,1,1,0,4,0,0,1,0,1,-135,Away,6
2021-10-21,CGY,DET,2,0,1,0,3,0,0,0,0,0,-135,Away,5.5
2021-10-21,ANA,WPG,1,0,0,0,1,1,1,3,0,5,-175,Home,5.5
2021-10-21,NYR,NSH,1,0,2,0,3,0,1,0,0,1,-115,Home,5.5
2021-10-21,VAN,CHI,1,2,1,0,4,1,0,0,0,1,-135,Home,6.5
2021-10-21,EDM,ARI,1,2,2,0,5,0,0,1,0,1,-210,Away,6
2021-10-22,SJ,TOR,0,3,2,0,5,0,2,1,0,3,-250,Home,6
2021-10-22,BOS,BUF,2,1,1,0,4,0,0,1,0,1,-230,Away,5.5
2021-10-22,LA,DAL,1,1,0,0,2,1,0,1,1,3,-160,Home,5.5
2021-10-22,EDM,VGK,1,2,2,0,5,1,1,1,0,3,-125,Home,6.5
2021-10-23,CGY,WAS,3,0,0,1,4,0,3,0,0,3,-150,Home,6
2021-10-23,NYR,OTT,0,0,3,0,3,1,0,1,0,2,-135,Away,5.5
2021-10-23,ANA,MIN,2,1,0,0,3,2,1,0,1,4,-250,Home,5.5
2021-10-23,BUF,NJ,1,0,0,0,1,0,0,1,1,2,-190,Home,6
2021-10-23,CAR,CBJ,2,1,2,0,5,0,1,0,0,1,-150,Away,5.5
2021-10-23,COL,TB,1,1,1,1,4,0,1,2,0,3,-115,Home,6
2021-10-23,DET,MTL,1,0,0,0,1,2,3,1,0,6,-175,Home,5.5
2021-10-23,FLA,PHI,1,1,2,0,4,0,2,0,0,2,-145,Away,6.5
2021-10-23,NSH,WPG,1,1,2,0,4,1,3,2,0,6,-135,Home,5.5
2021-10-23,TOR,PIT,1,0,0,0,1,1,4,2,0,7,-170,Away,6
2021-10-23,LA,STL,1,0,2,0,3,2,3,2,0,7,-175,Home,5.5
2021-10-23,NYI,ARI,1,1,1,0,3,0,0,0,0,0,-200,Away,5.5
2021-10-23,VAN,SEA,0,1,3,0,4,1,0,1,0,2,-140,Home,6
2021-10-24,SJ,BOS,1,0,2,0,3,3,1,0,0,4,-230,Home,5.5
2021-10-24,NSH,MIN,3,2,0,0,5,0,2,0,0,2,-180,Home,5.5
2021-10-24,DET,CHI,1,4,1,0,6,1,1,1,0,3,-160,Home,5.5
2021-10-24,NYI,VGK,1,0,1,0,2,0,0,0,0,0,-130,Home,5.5
2021-10-25,ARI,FLA,1,0,2,0,3,1,2,2,0,5,-430,Home,6
2021-10-25,CGY,NYR,1,1,3,0,5,0,0,1,0,1,-145,Home,5.5
2021-10-25,DAL,CBJ,0,0,1,0,1,1,1,2,0,4,-130,Away,5.5
2021-10-25,TB,BUF,1,0,0,0,1,1,1,3,0,5,-170,Away,6
2021-10-25,TOR,CAR,1,0,0,0,1,0,3,1,0,4,-115,Home,6
2021-10-25,WAS,OTT,4,2,1,0,7,1,3,1,0,5,-160,Away,6
2021-10-25,LA,STL,0,0,0,0,0,0,0,3,0,3,-180,Home,5.5
2021-10-26,CGY,NJ,4,0,1,0,5,0,1,2,0,3,-120,Home,6
2021-10-26,TB,PIT,0,3,2,0,5,0,0,1,0,1,-125,Away,5.5
2021-10-26,VGK,COL,2,0,1,0,3,0,1,0,0,1,-190,Home,6
2021-10-26,SJ,NSH,0,0,1,0,1,1,1,1,0,3,-140,Home,6
2021-10-26,MIN,VAN,1,1,1,0,3,0,1,1,0,2,-120,Away,6
2021-10-26,MTL,SEA,1,0,0,0,1,2,2,1,0,5,-130,Home,5.5
2021-10-26,WPG,ANA,0,1,3,0,4,0,1,2,0,3,-140,Away,5.5
2021-10-27,BOS,FLA,1,0,0,0,1,1,1,2,0,4,-130,Home,5.5
2021-10-27,DET,WAS,0,1,1,1,3,1,1,0,0,2,-210,Home,6
2021-10-27,TOR,CHI,0,1,1,1,3,2,0,0,0,2,-220,Away,6
2021-10-27,VGK,DAL,1,0,1,1,3,1,1,0,0,2,-170,Home,5.5
2021-10-27,PHI,EDM,3,0,2,0,5,2,1,0,0,3,-200,Home,6.5
2021-10-28,ARI,TB,0,0,1,0,1,3,1,1,0,5,-350,Home,5.5
2021-10-28,BOS,CAR,0,0,0,0,0,1,1,1,0,3,-140,Home,5.5
2021-10-28,CGY,PIT,1,0,3,0,4,0,0,0,0,0,0,Even,5.5
2021-10-28,COL,STL,1,2,1,0,4,1,0,2,0,3,-115,Away,6
2021-10-28,BUF,ANA,1,2,0,1,4,0,2,1,0,3,-135,Home,5.5
2021-10-28,MIN,SEA,1,0,0,0,1,1,1,2,0,4,0,Even,5.5
2021-10-28,PHI,VAN,2,0,0,0,2,1,0,0,0,1,-145,Home,6
2021-10-28,MTL,SJ,1,2,1,0,4,0,0,0,0,0,-130,Home,5.5
2021-10-28,WPG,LA,1,0,2,0,3,1,1,0,0,2,-115,Home,5.5
2021-10-29,ARI,WAS,0,0,0,0,0,0,0,2,0,2,-340,Home,6
2021-10-29,CHI,CAR,2,0,1,0,3,4,2,0,0,6,-230,Home,6
2021-10-29,CBJ,NYR,0,0,0,0,0,2,0,2,0,4,-190,Home,5.5
2021-10-29,FLA,DET,2,0,0,1,3,0,1,1,0,2,-180,Away,6
2021-10-29,ANA,VGK,0,1,3,0,4,1,1,2,1,5,-230,Home,5.5
2021-10-29,OTT,DAL,2,1,1,0,4,0,1,0,0,1,-200,Home,5.5
2021-10-30,NYI,NSH,1,1,0,0,2,0,1,1,1,3,-120,Away,5.5
2021-10-30,MTL,LA,1,0,1,0,2,0,2,3,0,5,-115,Home,5.5
2021-10-30,DET,TOR,0,1,3,0,4,1,1,3,0,5,-300,Home,6
2021-10-30,FLA,BOS,0,1,1,0,2,1,0,1,1,3,-145,Home,6
2021-10-30,NJ,PIT,1,1,2,0,4,1,0,1,0,2,-160,Home,6
2021-10-30,WPG,SJ,0,0,1,0,1,0,1,0,1,2,-115,Away,6
2021-10-30,CHI,STL,0,0,0,0,0,0,0,1,0,1,-210,Home,6
2021-10-30,MIN,COL,0,1,0,0,1,1,1,2,0,4,-160,Home,6
2021-10-30,EDM,VAN,1,1,0,0,2,0,0,1,0,1,-130,Away,6.5
2021-10-30,PHI,CGY,0,0,0,0,0,0,1,3,0,4,-160,Home,6
2021-10-31,ARI,CAR,1,0,0,0,1,0,1,1,0,2,-360,Home,5.5
2021-10-31,BUF,LA,0,2,0,0,2,0,1,2,0,3,-130,Home,5.5
2021-10-31,MTL,ANA,1,1,0,0,2,2,0,2,0,4,-115,Home,5.5
2021-10-31,CBJ,NJ,2,0,1,1,4,1,2,0,0,3,-135,Home,5.5
2021-10-31,NYR,SEA,1,0,2,0,3,0,1,0,0,1,-120,Away,5.5
2021-11-01,WAS,TB,1,0,1,0,2,0,2,1,0,3,-140,Home,5.5
2021-11-01,OTT,CHI,0,0,1,0,1,1,1,3,0,5,-145,Home,6
2021-11-01,SEA,EDM,1,1,0,0,2,2,1,2,0,5,-240,Home,6.5
2021-11-02,ARI,PHI,0,0,0,0,0,0,0,3,0,3,-240,Home,5.5
2021-11-02,DET,MTL,0,0,0,0,0,2,0,1,0,3,-145,Home,5.5
2021-11-02,VGK,TOR,0,0,0,0,0,1,2,1,0,4,-210,Home,5.5
2021-11-02,DAL,WPG,1,0,2,0,3,1,2,0,1,4,-115,Away,5.5
2021-11-02,OTT,MIN,1,3,0,0,4,3,1,0,1,5,-210,Home,5.5
2021-11-02,NSH,CGY,2,0,0,1,3,1,0,1,0,2,-160,Home,5.5
2021-11-02,NJ,ANA,0,0,0,0,0,1,1,2,0,4,-125,Away,5.5
2021-11-02,NYR,VAN,0,2,0,0,2,0,0,2,1,3,-130,Away,5.5
2021-11-02,BUF,SJ,1,1,1,0,3,2,1,2,0,5,-150,Home,5.5
2021-11-03,CAR,CHI,1,1,2,0,4,1,2,0,0,3,-160,Away,6
2021-11-03,NSH,EDM,1,0,1,0,2,1,1,3,0,5,-240,Home,6
2021-11-03,CBJ,COL,0,1,3,1,5,0,2,2,0,4,-190,Home,5.5
2021-11-03,STL,LA,0,1,1,0,2,0,0,2,1,3,-150,Away,5.5
2021-11-04,DET,BOS,0,0,1,0,1,1,2,2,0,5,-280,Home,5.5
2021-11-04,VGK,OTT,0,3,2,0,5,0,1,0,0,1,-115,Away,5.5
2021-11-04,NYI,MTL,1,4,1,0,6,0,0,2,0,2,-135,Away,5.5
2021-11-04,PHI,PIT,0,1,1,0,2,1,1,0,1,3,-135,Home,6
2021-11-04,TB,TOR,1,0,0,0,1,0,0,1,1,2,-140,Home,5.5
2021-11-04,WAS,FLA,0,3,1,0,4,2,2,0,1,5,-150,Home,6
2021-11-04,DAL,CGY,1,1,1,1,4,0,2,1,0,3,-145,Home,5.5
2021-11-04,BUF,SEA,0,2,0,0,2,1,1,3,0,5,-200,Home,5.5
2021-11-04,STL,SJ,1,3,1,0,5,2,1,0,0,3,-120,Away,5.5
2021-11-05,CHI,WPG,0,0,1,0,1,2,2,1,0,5,-150,Home,6
2021-11-05,NYR,EDM,1,3,1,0,5,1,1,3,1,6,-160,Home,6
2021-11-05,ARI,ANA,0,0,1,0,1,2,1,0,0,3,-175,Home,5.5
2021-11-05,NSH,VAN,1,2,0,0,3,1,1,0,0,2,-135,Home,5.5
2021-11-05,NJ,LA,0,0,2,0,2,0,1,1,1,3,-125,Home,5.5
2021-11-06,TB,OTT,1,1,3,0,5,0,2,1,0,3,-160,Away,6
2021-11-06,CAR,FLA,0,2,0,0,2,4,0,1,0,5,-125,Home,6
2021-11-06,BOS,TOR,1,0,1,0,2,1,2,2,0,5,-130,Home,5.5
2021-11-06,COL,CBJ,1,1,0,0,2,1,0,3,0,4,-175,Away,5.5
2021-11-06,DET,BUF,1,0,2,1,4,0,2,1,0,3,0,Even,5.5
2021-11-06,VGK,MTL,0,3,2,0,5,2,0,0,0,2,-115,Home,5.5
2021-11-06,MIN,PIT,1,1,2,1,5,2,1,1,0,4,-120,Home,5.5
2021-11-06,NYI,WPG,1,0,1,0,2,0,0,0,0,0,-135,Away,5.5
2021-11-06,PHI,WAS,0,2,0,0,2,0,0,1,0,1,-160,Home,6
2021-11-06,NYR,CGY,0,0,0,0,0,1,2,3,0,6,-160,Home,5.5
2021-11-06,SEA,ARI,3,0,1,0,4,1,1,3,0,5,-200,Away,5.5
2021-11-06,NJ,SJ,0,1,1,1,3,0,1,1,0,2,-130,Home,5.5
2021-11-07,VGK,DET,1,0,1,0,2,3,1,1,0,5,0,Even,5.5
2021-11-07,NSH,CHI,0,1,0,0,1,0,1,0,1,2,0,Even,5.5
2021-11-07,NYI,MIN,1,1,0,0,2,0,1,4,0,5,0,Even,5.5
2021-11-07,STL,ANA,1,0,0,0,1,0,1,3,0,4,-150,Away,5.5
2021-11-07,DAL,VAN,1,1,1,0,3,0,4,2,0,6,-115,Away,5.5
2021-11-08,BUF,WAS,0,1,2,0,3,1,2,2,0,5,-260,Home,5.5
2021-11-08,FLA,NYR,0,0,3,0,3,2,2,0,0,4,-120,Away,5.5
2021-11-08,LA,TOR,2,1,2,0,5,0,1,0,0,1,-270,Home,5.5
2021-11-09,CAR,TB,0,0,1,1,2,0,1,0,0,1,-125,Home,5.5
2021-11-09,FLA,NJ,1,2,0,0,3,2,2,3,0,7,-145,Away,6
2021-11-09,LA,MTL,0,1,1,1,3,1,0,1,0,2,-145,Home,5.5
2021-11-09,OTT,BOS,1,1,0,0,2,0,3,0,0,3,-320,Home,5.5
2021-11-09,EDM,DET,0,1,1,0,2,1,2,1,0,4,-170,Away,6.5
2021-11-09,STL,WPG,1,0,1,1,3,0,1,1,0,2,-130,Home,5.5
2021-11-09,PIT,CHI,0,0,2,0,2,0,2,0,1,3,-140,Away,6
2021-11-09,SJ,CGY,0,1,3,0,4,0,1,0,0,1,-240,Home,5.5
2021-11-09,ANA,VAN,1,0,1,1,3,0,0,2,0,2,-150,Home,5.5
2021-11-09,SEA,VGK,1,1,0,0,2,1,1,2,0,4,-120,Home,5.5
2021-11-10,TOR,PHI,0,1,2,0,3,0,0,0,0,0,-125,Away,6
2021-11-10,NSH,DAL,1,2,1,0,4,0,1,1,0,2,-150,Home,5.5
2021-11-10,MIN,ARI,2,3,0,0,5,1,0,1,0,2,-230,Away,5.5
2021-11-11,CGY,MTL,2,0,0,0,2,1,1,2,0,4,-140,Away,5.5
2021-11-11,EDM,BOS,1,1,3,0,5,1,2,0,0,3,-140,Home,6
2021-11-11,FLA,PIT,1,0,1,0,2,1,1,0,1,3,-130,Away,6
2021-11-11,LA,OTT,0,1,1,0,2,0,0,0,0,0,-120,Away,5.5
2021-11-11,NYI,NJ,0,0,0,0,0,1,1,2,0,4,-135,Away,5.5
2021-11-11,WAS,DET,2,0,0,0,2,0,0,0,0,0,-130,Away,6
2021-11-11,NSH,STL,0,2,1,1,4,2,0,1,0,3,-190,Home,5.5
2021-11-11,SJ,WPG,1,0,0,0,1,1,2,1,0,4,-190,Home,5.5
2021-11-11,VAN,COL,0,0,1,0,1,3,3,1,0,7,-190,Home,5.5
2021-11-11,ANA,SEA,1,3,3,0,7,0,2,2,0,4,-170,Home,5.5
2021-11-11,MIN,VGK,0,0,2,0,2,2,1,0,0,3,-115,Away,5.5
2021-11-12,CGY,TOR,0,0,1,0,1,0,0,1,1,2,-190,Home,5.5
2021-11-12,EDM,BUF,0,2,0,0,2,0,3,0,0,3,-175,Away,6
2021-11-12,PHI,CAR,0,0,2,0,2,0,1,0,0,1,-180,Home,5.5
2021-11-12,WAS,CBJ,1,2,1,0,4,1,2,0,0,3,-130,Away,5.5
2021-11-12,ARI,CHI,0,0,1,0,1,0,1,1,0,2,-230,Home,5.5
2021-11-13,BOS,NJ,1,2,2,0,5,0,2,0,0,2,-150,Away,5.5
2021-11-13,FLA,TB,0,2,0,0,2,1,1,0,1,3,-115,Home,5.5
2021-11-13,LA,WPG,1,1,0,0,2,1,0,1,1,3,-175,Home,5.5
2021-11-13,MTL,DET,1,0,1,0,2,0,2,0,1,3,-120,Home,5.5
2021-11-13,NYR,CBJ,1,3,1,0,5,1,1,1,0,3,-135,Away,5.5
2021-11-13,PIT,OTT,0,0,3,0,3,0,4,2,0,6,-150,Away,5.5
2021-11-13,TOR,BUF,1,2,2,0,5,1,1,2,0,4,-200,Away,6
2021-11-13,STL,CAR,0,1,1,0,2,1,1,1,0,3,-140,Home,5.5
2021-11-13,ARI,NSH,0,0,1,0,1,2,1,1,0,4,-300,Home,5.5
2021-11-13,PHI,DAL,0,1,1,0,2,1,2,2,0,5,-160,Home,5.5
2021-11-13,SJ,COL,1,0,1,0,2,2,2,2,0,6,-230,Home,6
2021-11-13,MIN,SEA,1,2,1,0,4,0,0,2,0,2,-115,Away,5.5
2021-11-13,VAN,VGK,2,1,1,0,4,1,2,4,0,7,-150,Home,5.5
2021-11-14,CGY,OTT,1,2,1,0,4,0,0,0,0,0,-200,Away,5.5
2021-11-14,EDM,STL,1,3,1,0,5,1,1,2,0,4,-115,Away,6
2021-11-14,MTL,BOS,1,1,0,0,2,0,1,4,0,5,-250,Home,5.5
2021-11-14,NJ,NYR,1,1,1,0,3,0,2,1,1,4,-140,Home,6
2021-11-14,PIT,WAS,1,0,0,0,1,2,2,2,0,6,-130,Home,6
2021-11-14,VAN,ANA,1,0,0,0,1,1,2,2,0,5,-140,Home,5.5
2021-11-15,DET,CBJ,1,1,1,0,3,0,2,3,0,5,-135,Home,5.5
2021-11-15,NYI,TB,1,0,0,0,1,2,0,2,0,4,-135,Home,5.5
2021-11-16,BUF,PIT,0,2,0,0,2,0,0,1,0,1,-250,Home,6
2021-11-16,MTL,NYR,0,1,1,0,2,1,1,1,0,3,-200,Home,5.5
2021-11-16,NSH,TOR,0,0,0,0,0,1,0,2,0,3,-200,Home,5.5
2021-11-16,NYI,FLA,0,1,0,0,1,4,1,1,0,6,-180,Home,5.5
2021-11-16,CGY,PHI,1,0,0,0,1,0,1,0,1,2,-115,Away,5.5
2021-11-16,ARI,STL,1,1,1,0,3,1,1,0,0,2,-330,Home,5.5
2021-11-16,EDM,WPG,0,0,2,0,2,1,3,1,0,5,0,Even,6.5
2021-11-16,SJ,MIN,2,1,1,0,4,0,1,0,0,1,-180,Home,5.5
2021-11-16,DET,DAL,0,2,0,0,2,1,2,2,0,5,-190,Home,5.5
2021-11-16,CAR,VGK,2,0,2,0,4,0,2,0,0,2,-140,Away,6
2021-11-16,WAS,ANA,0,0,2,0,2,1,0,1,1,3,-125,Away,6
2021-11-17,COL,VAN,1,0,3,0,4,0,1,1,0,2,-160,Away,6
2021-11-17,CHI,SEA,1,1,2,0,4,0,0,2,0,2,-150,Home,5.5
2021-11-17,WAS,LA,0,0,2,0,2,0,0,0,0,0,0,Even,5.5
2021-11-18,CGY,BUF,1,4,0,0,5,0,0,0,0,0,-190,Away,5.5
2021-11-18,NJ,FLA,1,0,0,0,1,1,3,0,0,4,-200,Home,6
2021-11-18,NYR,TOR,0,0,1,0,1,1,1,0,0,2,-170,Home,5.5
2021-11-18,PIT,MTL,3,2,1,0,6,0,0,0,0,0,-150,Away,5.5
2021-11-18,TB,PHI,0,2,1,1,4,2,0,1,0,3,-135,Away,5.5
2021-11-18,DAL,MIN,0,0,2,0,2,2,1,4,0,7,-140,Home,5.5
2021-11-18,SJ,STL,0,1,0,0,1,1,2,1,0,4,-150,Home,6
2021-11-18,CBJ,ARI,1,2,1,1,5,1,2,1,0,4,-160,Away,5.5
2021-11-18,WPG,EDM,0,0,1,0,1,0,0,1,1,2,-150,Home,6
2021-11-18,CAR,ANA,1,0,1,0,2,1,0,0,0,1,-150,Away,5.5
2021-11-18,DET,VGK,0,1,1,0,2,0,4,1,0,5,-150,Home,5.5
2021-11-19,COL,SEA,2,4,1,0,7,0,0,3,0,3,-150,Away,5.5
2021-11-19,WPG,VAN,0,1,1,0,2,1,2,0,0,3,-115,Home,5.5
2021-11-20,CAR,LA,2,3,0,0,5,2,2,0,0,4,-160,Away,5.5
2021-11-20,NJ,TB,1,0,4,0,5,2,1,0,0,3,-220,Home,5.5
2021-11-20,MIN,FLA,0,1,3,0,4,1,2,2,0,5,-150,Home,6
2021-11-20,BOS,PHI,1,2,2,0,5,0,2,0,0,2,-145,Away,5.5
2021-11-20,CGY,NYI,2,1,2,0,5,1,0,1,0,2,-120,Away,5.5
2021-11-20,NSH,MTL,0,0,3,0,3,1,4,1,0,6,-125,Away,5.5
2021-11-20,PIT,TOR,2,0,0,0,2,0,0,0,0,0,-160,Home,5.5
2021-11-20,DET,ARI,1,0,0,0,1,0,0,1,1,2,-145,Away,5.5
2021-11-20,STL,DAL,0,1,0,0,1,0,2,2,0,4,-120,Home,5.5
2021-11-20,CHI,EDM,1,0,1,0,2,4,0,1,0,5,-220,Home,6.5
2021-11-20,CBJ,VGK,2,0,0,0,2,0,1,2,0,3,-150,Home,6
2021-11-20,WAS,SJ,2,0,2,0,4,0,0,0,0,0,-130,Away,6
2021-11-21,MIN,TB,1,1,2,0,4,2,1,1,1,5,-125,Home,6
2021-11-21,BUF,NYR,1,3,0,0,4,1,3,1,0,5,-250,Home,5.5
2021-11-21,CGY,BOS,1,1,2,0,4,0,0,0,0,0,-170,Home,5.5
2021-11-21,TOR,NYI,1,0,2,0,3,0,0,0,0,0,-125,Away,5.5
2021-11-21,CHI,VAN,0,0,1,0,1,0,0,0,0,0,-140,Home,5.5
2021-11-21,WAS,SEA,1,0,1,0,2,1,3,1,0,5,-120,Away,5.5
2021-11-21,ARI,LA,0,0,1,1,2,0,1,0,0,1,-250,Home,5.5
2021-11-22,CBJ,BUF,2,3,2,0,7,2,2,0,0,4,-130,Away,5.5
2021-11-22,ANA,NSH,0,1,1,0,2,1,1,1,0,3,-140,Home,5.5
2021-11-22,VGK,STL,2,0,0,0,2,3,1,1,0,5,-160,Home,5.5
2021-11-22,OTT,COL,2,1,2,0,5,2,1,4,0,7,-330,Home,6
2021-11-22,PIT,WPG,0,1,2,0,3,1,0,0,0,1,-120,Home,5.5
2021-11-22,CAR,SJ,0,1,0,0,1,0,0,1,1,2,-160,Away,5.5
2021-11-23,PHI,TB,0,0,0,0,0,1,2,1,0,4,-175,Home,5.5
2021-11-23,EDM,DAL,0,1,0,0,1,2,1,1,0,4,-115,Home,6
2021-11-23,CHI,CGY,1,1,0,0,2,2,0,3,0,5,-230,Home,5.5
2021-11-24,BOS,BUF,4,0,1,0,5,1,0,0,0,1,-270,Away,5.5
2021-11-24,MTL,WAS,1,1,1,0,3,3,1,2,0,6,-200,Home,6
2021-11-24,PHI,FLA,1,0,0,0,1,0,0,1,1,2,-230,Home,6
2021-11-24,VAN,PIT,0,0,1,0,1,0,3,1,0,4,-220,Home,5.5
2021-11-24,WPG,CBJ,0,0,0,0,0,1,0,2,0,3,-135,Away,5.5
2021-11-24,MIN,NJ,2,0,0,1,3,0,0,2,0,2,-120,Away,6
2021-11-24,NYR,NYI,0,2,2,0,4,0,0,1,0,1,-135,Away,5.5
2021-11-24,STL,DET,1,0,1,0,2,1,1,2,0,4,-130,Away,6
2021-11-24,VGK,NSH,1,2,2,0,5,0,0,2,0,2,-120,Home,5.5
2021-11-24,ANA,COL,1,0,1,0,2,1,2,2,0,5,-230,Home,5.5
2021-11-24,CAR,SEA,1,0,0,0,1,0,1,1,0,2,-145,Away,5.5
2021-11-24,EDM,ARI,1,1,3,0,5,1,0,2,0,3,-220,Away,6
2021-11-24,TOR,LA,1,4,1,0,6,0,1,1,0,2,-170,Away,5.5
2021-11-24,OTT,SJ,1,2,0,0,3,1,2,3,0,6,-180,Home,5.5
2021-11-26,NYR,BOS,1,1,3,0,5,1,1,0,0,2,-160,Home,5.5
2021-11-26,CAR,PHI,1,4,1,0,6,2,1,0,0,3,-140,Away,5.5
2021-11-26,STL,CHI,2,0,0,0,2,0,1,1,1,3,-150,Away,5.5
2021-11-26,WPG,MIN,0,0,1,0,1,2,3,2,0,7,-130,Home,6
2021-11-26,OTT,ANA,0,0,0,0,0,1,2,1,0,4,-170,Home,5.5
2021-11-26,FLA,WAS,1,1,1,0,3,0,3,1,0,4,0,Even,6
2021-11-26,NJ,NSH,0,0,2,0,2,1,1,2,0,4,-135,Home,5.5
2021-11-26,MTL,BUF,1,0,0,0,1,1,2,1,0,4,-120,Away,6
2021-11-26,SEA,TB,0,0,0,0,0,1,1,1,0,3,-190,Home,5.5
2021-11-26,VAN,CBJ,1,1,0,0,2,1,1,2,0,4,-140,Home,5.5
2021-11-26,COL,DAL,0,0,1,0,1,2,1,0,0,3,-125,Away,5.5
2021-11-26,PIT,NYI,0,1,0,0,1,0,0,0,0,0,-160,Away,5.5
2021-11-26,TOR,SJ,2,2,0,0,4,1,0,0,0,1,-150,Away,6
2021-11-27,SEA,FLA,2,0,2,0,4,1,0,0,0,1,-210,Home,6
2021-11-27,BUF,DET,0,1,1,0,2,0,2,0,1,3,-200,Home,5.5
2021-11-27,EDM,VGK,2,1,0,0,3,0,1,1,0,2,-140,Home,6.5
2021-11-27,MTL,PIT,0,1,5,0,6,0,0,3,0,3,-230,Home,5.5
2021-11-27,OTT,LA,1,1,0,0,2,1,2,1,0,4,-200,Home,5.5
2021-11-27,CBJ,STL,1,0,2,0,3,0,3,3,0,6,-180,Home,6
2021-11-27,DAL,ARI,2,1,0,0,3,1,1,0,0,2,-180,Away,5.5
2021-11-27,NSH,COL,0,1,1,0,2,2,1,3,0,6,-200,Home,6
2021-11-27,WPG,CGY,1,1,2,0,4,2,0,0,0,2,-175,Home,5.5
2021-11-28,WAS,CAR,0,2,2,0,4,0,0,2,0,2,-160,Home,5.5
2021-11-28,TB,MIN,1,1,0,0,2,2,0,2,0,4,0,Even,5.5
2021-11-28,PHI,NJ,1,0,1,0,2,1,1,3,0,5,-135,Home,6
2021-11-28,SJ,CHI,0,1,1,0,2,0,0,0,0,0,-125,Home,5.5
2021-11-28,VAN,BOS,1,1,0,0,2,1,0,2,0,3,-280,Home,5.5
2021-11-28,TOR,ANA,0,2,3,0,5,0,0,1,0,1,-180,Away,5.5
2021-11-29,SEA,BUF,3,2,2,0,7,0,2,2,0,4,-140,Away,5.5
2021-11-29,ARI,WPG,0,1,0,0,1,0,0,0,0,0,-330,Home,5.5
2021-11-29,VAN,MTL,1,1,0,0,2,1,0,0,0,1,-130,Home,5.5
2021-11-29,PIT,CGY,0,0,1,0,1,0,1,0,1,2,-145,Home,5.5
2021-11-30,DET,BOS,0,1,1,0,2,0,0,1,0,1,-220,Home,5.5
2021-11-30,SJ,NJ,1,3,1,0,5,0,0,2,0,2,-145,Home,5.5
2021-11-30,WAS,FLA,2,2,0,0,4,1,0,4,0,5,-135,Home,6
2021-11-30,ARI,MIN,1,0,1,0,2,1,3,1,0,5,-380,Home,6
2021-11-30,CBJ,NSH,0,0,0,0,0,3,2,1,0,6,-160,Home,5.5
2021-11-30,TB,STL,3,0,0,0,3,0,2,1,1,4,-160,Home,5.5
2021-11-30,CAR,DAL,0,0,1,0,1,1,1,2,0,4,0,Even,5.5
2021-11-30,ANA,LA,0,2,2,1,5,0,1,3,0,4,-130,Home,5.5
2021-12-01,PHI,NYR,0,1,0,0,1,2,1,1,0,4,-190,Home,6
2021-12-01,COL,TOR,1,1,1,0,3,3,2,3,0,8,-130,Home,6
2021-12-01,SEA,DET,0,2,1,0,3,0,2,1,1,4,0,Even,5.5
2021-12-01,VAN,OTT,1,2,3,0,6,1,0,1,0,2,-125,Away,5.5
2021-12-01,VGK,ANA,0,2,3,0,5,0,4,2,0,6,-160,Away,5.5
2021-12-01,PIT,EDM,1,1,0,0,2,2,0,3,0,5,-125,Home,6
2021-12-02,BUF,FLA,3,1,0,0,4,0,3,4,0,7,-300,Home,6
2021-12-02,CHI,WAS,1,1,1,1,4,0,2,1,0,3,-200,Home,6
2021-12-02,COL,MTL,0,2,2,0,4,0,1,0,0,1,-200,Away,6.5
2021-12-02,OTT,CAR,1,0,2,0,3,0,0,2,0,2,-350,Home,6
2021-12-02,STL,TB,0,1,1,0,2,1,0,3,0,4,-160,Home,5.5
2021-12-02,SJ,NYI,1,0,0,1,2,1,0,0,0,1,-140,Home,5.5
2021-12-02,BOS,NSH,1,1,0,0,2,0,0,0,0,0,-115,Away,5.5
2021-12-02,NJ,MIN,0,2,0,0,2,2,2,1,0,5,-175,Home,6
2021-12-02,CBJ,DAL,1,1,0,0,2,1,2,0,0,3,-230,Home,5.5
2021-12-02,CGY,LA,2,1,0,0,3,1,1,0,0,2,-150,Away,5.5
2021-12-03,SJ,NYR,0,0,0,0,0,1,0,0,0,1,-210,Home,5.5
2021-12-03,NJ,WPG,2,2,0,0,4,3,3,2,0,8,-200,Home,5.5
2021-12-03,VGK,ARI,2,4,1,0,7,1,0,0,0,1,-230,Away,6
2021-12-03,CGY,ANA,0,3,0,1,4,0,2,1,0,3,-125,Away,5.5
2021-12-03,EDM,SEA,1,1,1,0,3,2,2,0,0,4,-140,Away,6
2021-12-04,STL,FLA,1,1,1,0,3,1,1,1,1,4,-200,Home,6.5
2021-12-04,CBJ,WAS,0,0,1,0,1,1,1,1,0,3,-250,Home,6
2021-12-04,COL,OTT,2,1,2,0,5,2,3,0,1,6,-220,Away,6.5
2021-12-04,MTL,NSH,0,2,1,0,3,1,1,1,1,4,-240,Home,5.5
2021-12-04,NYI,DET,1,1,1,0,3,2,1,0,1,4,-115,Away,5.5
2021-12-04,TB,BOS,1,1,0,1,3,0,1,1,0,2,-115,Away,5.5
2021-12-04,TOR,MIN,0,3,0,0,3,1,2,0,1,4,-115,Home,6
2021-12-04,BUF,CAR,1,1,0,0,2,2,3,1,0,6,-320,Home,6
2021-12-04,CHI,NYR,1,0,1,0,2,0,2,1,0,3,-170,Home,6
2021-12-04,PIT,VAN,0,3,1,0,4,0,1,0,0,1,-140,Away,5.5
2021-12-05,SJ,CBJ,1,2,1,0,4,1,2,3,0,6,-115,Away,5.5
2021-12-05,TB,PHI,2,3,2,0,7,0,0,1,0,1,-115,Home,5.5
2021-12-05,CHI,NYI,1,0,1,1,3,0,1,1,0,2,-150,Home,5.5
2021-12-05,LA,EDM,1,1,3,0,5,0,1,0,0,1,-210,Home,6
2021-12-05,TOR,WPG,1,2,0,0,3,1,4,1,0,6,-120,Home,6
2021-12-05,CGY,VGK,0,0,2,0,2,1,0,2,0,3,-130,Home,5.5
2021-12-06,ANA,WAS,0,3,0,0,3,1,2,0,1,4,-210,Home,5.5
2021-12-06,COL,PHI,4,1,2,0,7,3,0,2,0,5,-200,Away,6.5
2021-12-06,OTT,NJ,0,2,0,1,3,1,1,0,0,2,-180,Home,6
2021-12-06,ARI,DAL,0,1,0,0,1,1,0,3,0,4,-350,Home,5.5
2021-12-06,LA,VAN,0,0,0,0,0,0,2,2,0,4,-140,Home,5.5
2021-12-06,PIT,SEA,3,2,1,0,6,0,1,0,0,1,-115,Away,6
2021-12-07,CBJ,TOR,0,1,3,0,4,3,2,0,0,5,-270,Home,6
2021-12-07,NSH,DET,2,0,3,0,5,0,1,1,0,2,-130,Away,5.5
2021-12-07,NYI,OTT,0,3,2,0,5,0,1,2,0,3,-145,Away,5.5
2021-12-07,TB,MTL,1,0,2,0,3,0,2,0,0,2,-240,Away,5.5
2021-12-07,ANA,BUF,0,1,1,0,2,0,0,0,0,0,-135,Away,6
2021-12-07,CAR,WPG,1,2,1,0,4,0,2,0,0,2,0,Even,5.5
2021-12-07,FLA,STL,1,1,1,0,3,0,2,1,1,4,-160,Away,6.5
2021-12-07,NYR,CHI,1,1,4,0,6,2,0,0,0,2,-120,Away,5.5
2021-12-07,MIN,EDM,2,0,2,0,4,0,1,0,0,1,-120,Home,6.5
2021-12-07,CGY,SJ,2,1,0,0,3,1,3,1,0,5,-140,Away,5.5
2021-12-08,COL,NYR,1,5,1,0,7,2,0,1,0,3,-170,Away,6.5
2021-12-08,PHI,NJ,0,0,0,0,0,0,2,1,0,3,-150,Home,6
2021-12-08,BOS,VAN,0,0,1,0,1,0,1,0,1,2,-140,Away,5.5
2021-12-08,DAL,VGK,1,2,1,0,4,0,2,3,0,5,-145,Home,5.5
2021-12-09,ANA,CBJ,1,0,0,1,2,1,0,0,0,1,0,Even,5.5
2021-12-09,CHI,MTL,0,1,1,0,2,0,0,0,0,0,-140,Away,5.5
2021-12-09,TB,TOR,2,2,1,0,5,2,0,1,0,3,-145,Home,5.5
2021-12-09,NSH,NYI,2,0,2,0,4,1,1,1,0,3,-120,Home,5.5
2021-12-09,DET,STL,0,1,1,0,2,2,1,3,0,6,-160,Home,6
2021-12-09,BOS,EDM,1,1,1,0,3,0,1,1,0,2,-130,Home,6
2021-12-09,CAR,CGY,1,0,0,1,2,0,1,0,0,1,-135,Home,5.5
2021-12-09,WPG,SEA,1,0,2,0,3,0,0,0,0,0,-115,Away,5.5
2021-12-09,DAL,LA,0,0,0,0,0,0,1,3,0,4,-120,Away,5.5
2021-12-09,MIN,SJ,1,2,2,0,5,0,0,2,0,2,-160,Away,6
2021-12-10,NYR,BUF,1,1,0,0,2,0,0,1,0,1,-200,Away,6
2021-12-10,PIT,WAS,1,2,1,0,4,0,0,2,0,2,-145,Home,5.5
2021-12-10,NSH,NJ,0,2,1,0,3,0,1,1,0,2,-125,Home,5.5
2021-12-10,DET,COL,1,2,0,0,3,3,3,1,0,7,-400,Home,6.5
2021-12-10,FLA,ARI,3,0,0,0,3,1,0,0,0,1,-330,Away,6
2021-12-10,PHI,VGK,1,1,2,0,4,1,1,1,0,3,-280,Home,6
2021-12-10,WPG,VAN,1,2,0,0,3,2,1,0,1,4,-140,Home,6
2021-12-11,TB,OTT,0,0,0,0,0,1,2,1,0,4,-180,Away,6
2021-12-11,ANA,PIT,0,0,0,0,0,1,0,0,0,1,-145,Home,5.5
2021-12-11,CHI,TOR,1,1,2,0,4,3,1,1,0,5,-250,Home,6.5
2021-12-11,MTL,STL,0,0,1,0,1,1,2,1,0,4,-250,Home,6
2021-12-11,WAS,BUF,1,0,1,1,3,1,1,0,0,2,-220,Away,6
2021-12-11,NJ,NYI,2,0,0,0,2,1,2,1,0,4,-175,Home,5.5
2021-12-11,PHI,ARI,1,3,1,0,5,1,1,1,0,3,-150,Away,5.5
2021-12-11,BOS,CGY,1,2,1,0,4,0,1,1,0,2,-135,Home,5.5
2021-12-11,CAR,EDM,1,1,1,0,3,0,1,0,0,1,-120,Home,6.5
2021-12-11,CBJ,SEA,0,4,0,1,5,0,1,3,0,4,-150,Home,6
2021-12-11,DAL,SJ,0,0,1,0,1,1,1,0,0,2,0,Even,5.5
2021-12-11,MIN,LA,0,1,0,0,1,0,1,1,0,2,-125,Away,6
2021-12-12,ANA,STL,1,0,1,1,3,0,1,1,0,2,-130,Home,5.5
2021-12-12,NSH,NYR,0,1,0,0,1,0,0,0,0,0,-145,Home,5.5
2021-12-12,FLA,COL,0,0,2,0,2,0,1,2,0,3,-150,Home,6.5
2021-12-12,MIN,VGK,2,1,1,0,4,2,2,2,0,6,-160,Home,6
2021-12-12,CAR,VAN,0,0,1,0,1,1,1,0,0,2,0,Even,5.5
2021-12-14,LA,TB,1,1,0,0,2,1,1,0,1,3,-180,Home,5.5
2021-12-14,VGK,BOS,3,1,0,0,4,0,0,1,0,1,-115,Away,5.5
2021-12-14,MTL,PIT,0,2,0,0,2,1,2,2,0,5,-320,Home,5.5
2021-12-14,NJ,PHI,0,1,0,0,1,2,3,1,0,6,-125,Home,6
2021-12-14,OTT,FLA,1,3,4,0,8,1,1,0,0,2,-270,Home,6.5
2021-12-14,NYI,DET,0,0,1,0,1,0,1,1,0,2,0,Even,5.5
2021-12-14,BUF,WPG,1,2,1,0,4,1,1,0,0,2,-270,Home,5.5
2021-12-14,STL,DAL,0,1,3,0,4,0,1,0,0,1,-160,Home,5.5
2021-12-14,NYR,COL,0,1,1,0,2,2,1,1,0,4,-200,Home,6
2021-12-14,TOR,EDM,1,2,2,0,5,0,0,1,0,1,-120,Away,6.5
2021-12-14,CBJ,VAN,3,0,0,0,3,0,1,3,0,4,-140,Home,5.5
2021-12-14,SEA,SJ,0,0,3,0,3,0,0,1,0,1,-135,Home,5.5
2021-12-15,WAS,CHI,0,2,2,0,4,0,3,1,1,5,-145,Away,5.5
2021-12-15,NYR,ARI,0,1,2,0,3,1,0,1,0,2,-180,Away,5.5
2021-12-15,SEA,ANA,0,1,0,0,1,2,1,1,0,4,-160,Home,5.5
2021-12-16,DET,CAR,2,1,0,0,3,3,0,2,0,5,-175,Home,5.5
2021-12-16,LA,FLA,1,2,1,0,4,1,0,0,0,1,-160,Home,5.5
2021-12-16,VGK,NJ,1,1,3,0,5,1,0,2,0,3,-200,Away,6
2021-12-16,OTT,TB,1,0,0,0,1,0,2,0,0,2,-250,Home,6
2021-12-16,PHI,MTL,0,2,0,0,2,1,0,1,1,3,-170,Away,5.5
2021-12-16,BOS,NYI,0,0,1,0,1,1,1,1,0,3,-130,Home,5.5
2021-12-16,BUF,MIN,0,1,1,1,3,1,1,0,0,2,-330,Home,6
2021-12-16,COL,NSH,0,1,1,0,2,1,2,2,0,5,-160,Away,6
2021-12-16,CBJ,EDM,0,0,2,0,2,3,1,1,0,5,-200,Home,6.5
2021-12-16,VAN,SJ,2,1,2,0,5,1,0,1,0,2,-115,Home,5.5
2021-12-17,BUF,PIT,0,1,1,0,2,1,1,0,1,3,-350,Home,5.5
2021-12-17,VGK,NYR,1,0,1,1,3,0,2,0,0,2,-135,Away,6
2021-12-17,DAL,STL,0,0,1,0,1,0,2,2,0,4,-115,Away,5.5
2021-12-17,WAS,WPG,0,2,3,0,5,0,1,1,0,2,-130,Home,6
2021-12-17,NSH,CHI,1,0,1,1,3,1,0,1,0,2,-140,Home,5.5
2021-12-17,ARI,ANA,2,1,2,1,6,3,0,2,0,5,-300,Home,5.5
2021-12-18,LA,CAR,0,1,0,0,1,2,2,1,0,5,-170,Home,5.5
2021-12-18,OTT,PHI,0,2,1,0,3,2,0,1,1,4,-125,Home,6.5
2021-12-18,CHI,DAL,0,2,1,0,3,2,1,0,1,4,-200,Home,5.5
2021-12-18,NJ,DET,1,1,0,0,2,1,3,1,0,5,-130,Home,6
2021-12-18,EDM,SEA,2,1,2,0,5,2,1,0,0,3,-115,Away,6
2021-12-19,VGK,NYI,1,0,2,1,4,1,0,2,0,3,-135,Away,5.5
2021-12-19,STL,WPG,0,1,1,0,2,0,2,2,0,4,-140,Home,5.5
2021-12-19,LA,WAS,0,1,2,0,3,1,1,0,0,2,-250,Home,5.5
2021-12-19,PIT,NJ,1,1,1,0,3,0,1,1,0,2,-210,Away,6
2021-12-20,MIN,DAL,2,1,1,0,4,3,1,3,0,7,0,Even,5.5
2021-12-21,TB,VGK,1,2,1,0,4,1,2,0,0,3,-115,Home,6
2021-12-28,MTL,TB,1,1,2,0,4,2,1,1,1,5,-300,Home,6
2021-12-28,ARI,SJ,2,2,3,0,7,2,3,2,1,8,-230,Home,5.5
2021-12-28,VGK,LA,3,2,1,0,6,1,1,1,0,3,-135,Away,5.5
2021-12-29,NJ,BUF,2,0,2,0,4,0,2,1,0,3,-130,Away,6
2021-12-29,NSH,WAS,0,3,0,0,3,3,0,2,0,5,-170,Home,6
2021-12-29,NYR,FLA,1,1,1,0,3,0,1,3,0,4,-200,Home,6
2021-12-29,EDM,STL,1,1,0,0,2,2,1,1,0,4,-120,Home,6.5
2021-12-29,PHI,SEA,1,0,1,1,3,1,0,1,0,2,-135,Home,6
2021-12-29,VAN,ANA,0,0,1,1,2,1,0,0,0,1,0,Even,5.5
2021-12-30,MTL,CAR,0,0,0,0,0,2,1,1,0,4,-440,Home,6
2021-12-30,NSH,CBJ,1,2,0,0,3,1,1,1,1,4,0,Even,5.5
2021-12-30,TB,FLA,1,1,1,0,3,3,3,3,0,9,-160,Home,6.5
2021-12-30,BUF,NYI,1,0,0,0,1,1,2,1,0,4,-200,Home,5.5
2021-12-30,CGY,SEA,1,2,3,0,6,1,1,2,0,4,-190,Away,5.5
2021-12-30,PHI,SJ,1,0,1,0,2,0,2,0,1,3,-180,Home,6
2021-12-30,VAN,LA,0,0,1,0,1,0,1,0,1,2,-140,Home,5.5
2021-12-31,EDM,NJ,2,1,2,0,5,3,0,2,1,6,-150,Away,6.5
2021-12-31,ANA,VGK,0,0,1,0,1,2,1,0,0,3,-180,Home,6
2021-12-31,NYR,TB,0,2,1,1,4,1,1,1,0,3,-115,Home,6
2021-12-31,WAS,DET,0,1,2,0,3,0,1,0,0,1,-175,Away,6
2022-01-01,BUF,BOS,1,2,0,0,3,0,1,2,1,4,-330,Home,5.5
2022-01-01,CAR,CBJ,0,2,5,0,7,3,1,0,0,4,-210,Away,6
2022-01-01,MTL,FLA,1,1,0,0,2,1,2,2,0,5,-650,Home,6
2022-01-01,CHI,NSH,0,1,0,0,1,3,2,1,0,6,-210,Home,5.5
2022-01-01,EDM,NYI,0,2,0,0,2,1,0,1,1,3,0,Even,6
2022-01-01,OTT,TOR,0,0,0,0,0,2,1,3,0,6,-350,Home,6.5
2022-01-01,STL,MIN,1,5,0,0,6,1,1,2,0,4,0,Even,6
2022-01-01,VAN,SEA,2,0,3,0,5,0,1,1,0,2,-115,Away,5.5
2022-01-01,PHI,LA,1,0,2,0,3,2,2,2,0,6,-170,Home,5.5
2022-01-02,TB,NYR,0,0,0,0,0,3,1,0,0,4,-150,Away,5.5
2022-01-02,BOS,DET,1,1,3,0,5,1,0,0,0,1,-150,Away,5
2022-01-02,SJ,PIT,1,1,3,0,5,6,0,2,0,8,-175,Home,5.5
2022-01-02,ANA,COL,1,1,0,0,2,0,1,3,0,4,-300,Home,6
2022-01-02,NJ,WAS,2,1,0,1,4,1,0,2,0,3,-230,Home,6
2022-01-02,WPG,VGK,0,2,2,1,5,2,0,2,0,4,-135,Home,6
2022-01-02,CGY,CHI,1,2,2,0,5,1,0,0,0,1,-230,Away,5.5
2022-01-03,EDM,NYR,0,1,0,0,1,1,1,2,0,4,-130,Away,6.5
2022-01-04,CGY,FLA,2,0,0,0,2,3,1,2,0,6,-150,Home,6
2022-01-04,NJ,BOS,0,2,1,0,3,1,2,2,0,5,-320,Home,5.5
2022-01-04,TB,CBJ,3,2,2,0,7,0,2,0,0,2,-240,Away,6
2022-01-04,SJ,DET,0,1,1,0,2,1,3,2,0,6,-130,Home,5.5
2022-01-04,COL,CHI,2,0,1,1,4,0,1,2,0,3,-250,Away,6
2022-01-04,WPG,ARI,1,1,1,0,3,0,0,1,0,1,-220,Away,5.5
2022-01-04,NSH,VGK,0,2,1,0,3,0,0,2,0,2,-115,Home,6
2022-01-04,PHI,ANA,1,0,0,0,1,2,1,1,0,4,-160,Home,5.5
2022-01-05,EDM,TOR,2,0,0,0,2,2,0,2,0,4,-320,Home,6
2022-01-05,STL,PIT,0,3,0,0,3,0,2,3,0,5,-135,Home,6.5
2022-01-06,CGY,TB,0,0,1,0,1,0,1,3,0,4,-220,Home,6
2022-01-06,CBJ,NJ,1,0,0,0,1,1,0,2,0,3,-160,Home,6.5
2022-01-06,MIN,BOS,2,1,0,0,3,1,1,0,0,2,-160,Home,6
2022-01-06,PIT,PHI,3,0,3,0,6,0,1,1,0,2,-250,Away,6
2022-01-06,SJ,BUF,3,0,0,0,3,0,1,1,0,2,-115,Away,6
2022-01-06,FLA,DAL,1,3,1,0,5,1,3,1,1,6,-135,Away,6.5
2022-01-06,CHI,ARI,0,2,2,0,4,2,1,3,0,6,-145,Away,5.5
2022-01-06,WPG,COL,1,0,0,0,1,1,3,3,0,7,-250,Home,6.5
2022-01-06,NYR,VGK,0,1,0,0,1,1,2,2,0,5,-200,Home,6
2022-01-06,NSH,LA,2,1,1,0,4,0,1,1,0,2,-145,Away,5.5
2022-01-07,CGY,CAR,1,1,1,0,3,1,3,2,0,6,-200,Home,6
2022-01-07,WAS,STL,1,0,0,0,1,1,3,1,0,5,0,Even,6.5
2022-01-08,PIT,DAL,2,0,0,0,2,0,1,2,0,3,-115,Away,5.5
2022-01-08,BOS,TB,2,2,1,0,5,0,0,2,0,2,-190,Home,5.5
2022-01-08,FLA,CAR,2,1,0,1,4,1,1,1,0,3,-115,Away,6.5
2022-01-08,NJ,CBJ,2,1,0,0,3,2,1,1,0,4,-135,Home,6.5
2022-01-08,SJ,PHI,0,0,2,1,3,0,0,2,0,2,-120,Away,5.5
2022-01-08,TOR,COL,3,1,0,0,4,1,1,2,1,5,-160,Home,6.5
2022-01-08,NSH,ARI,3,0,1,0,4,0,0,2,0,2,-200,Away,5.5
2022-01-08,WAS,MIN,0,2,0,0,2,0,1,1,1,3,-120,Away,6.5
2022-01-08,CHI,VGK,0,2,0,0,2,1,0,0,0,1,-250,Home,6
2022-01-08,NYR,ANA,0,1,3,0,4,0,1,0,0,1,-115,Home,5.5
2022-01-08,DET,LA,0,0,0,0,0,2,1,1,0,4,-135,Home,5.5
2022-01-09,DAL,STL,0,1,0,0,1,0,0,2,0,2,-150,Home,6
2022-01-09,DET,ANA,0,2,1,0,3,1,1,1,1,4,-130,Home,5.5
2022-01-10,BOS,WAS,2,4,1,0,7,2,1,0,0,3,-115,Home,6
2022-01-10,SEA,COL,1,2,0,0,3,1,1,2,0,4,-380,Home,6.5
2022-01-10,NYR,LA,0,0,1,0,1,0,2,1,0,3,-115,Home,5.5
2022-01-11,CHI,CBJ,1,1,2,0,4,1,0,1,0,2,-115,Away,6
2022-01-11,TB,BUF,2,3,1,0,6,0,0,1,0,1,-330,Away,6
2022-01-11,VAN,FLA,1,0,1,0,2,2,3,0,0,5,-230,Home,6.5
2022-01-11,COL,NSH,0,2,2,0,4,2,1,1,1,5,-135,Away,6.5
2022-01-11,PIT,ANA,1,2,1,0,4,0,1,0,0,1,-180,Away,5.5
2022-01-11,TOR,VGK,1,2,0,1,4,1,0,2,0,3,-140,Away,6
2022-01-11,DET,SJ,0,1,1,0,2,1,0,1,1,3,-140,Home,5.5
2022-01-12,MTL,BOS,0,1,0,0,1,3,1,1,0,5,-400,Home,6
2022-01-12,SEA,DAL,1,1,0,0,2,3,1,1,0,5,-200,Home,6
2022-01-12,TOR,ARI,0,0,1,0,1,1,0,1,0,2,-320,Away,6
2022-01-13,CBJ,CAR,1,1,4,0,6,0,0,0,0,0,-290,Home,6
2022-01-13,PHI,BOS,0,2,0,0,2,2,1,0,0,3,-270,Home,6
2022-01-13,VAN,TB,1,0,1,0,2,2,0,2,0,4,-250,Home,5.5
2022-01-13,NJ,NYI,1,0,1,0,2,1,1,1,0,3,-210,Home,6
2022-01-13,WPG,DET,1,1,1,0,3,0,0,0,0,0,-125,Away,5.5
2022-01-13,BUF,NSH,1,1,2,0,4,0,1,0,0,1,-360,Home,6
2022-01-13,SEA,STL,1,0,0,0,1,0,0,2,0,2,-190,Home,6
2022-01-13,MTL,CHI,0,2,0,0,2,1,0,1,1,3,-240,Home,5.5
2022-01-13,OTT,CGY,2,1,1,0,4,0,0,1,0,1,-290,Home,6
2022-01-13,NYR,SJ,1,0,2,0,3,0,0,0,0,0,-135,Away,5.5
2022-01-13,PIT,LA,1,0,1,0,2,1,1,4,0,6,-150,Away,5.5
2022-01-14,DAL,FLA,0,0,1,0,1,2,4,1,0,7,-210,Home,6.5
2022-01-14,ANA,MIN,1,0,2,0,3,3,0,4,0,7,-175,Home,5.5
2022-01-14,ARI,COL,1,1,1,0,3,2,0,1,1,4,-700,Home,6.5
2022-01-15,NSH,BOS,1,1,1,0,3,2,0,1,1,4,-160,Home,5.5
2022-01-15,VAN,CAR,1,0,0,0,1,1,2,1,0,4,-200,Home,6
2022-01-15,WAS,NYI,1,0,1,0,2,0,0,0,0,0,-120,Away,5.5
2022-01-15,CBJ,FLA,0,0,2,0,2,4,2,3,0,9,-320,Home,6.5
2022-01-15,BUF,DET,0,0,0,0,0,2,0,2,0,4,-190,Home,5.5
2022-01-15,DAL,TB,1,0,0,0,1,1,0,2,0,3,-300,Home,5.5
2022-01-15,NYR,PHI,1,0,2,0,3,1,0,1,0,2,-150,Away,5.5
2022-01-15,TOR,STL,3,1,2,0,6,1,3,1,0,5,-200,Away,5.5
2022-01-15,ANA,CHI,0,0,0,0,0,0,1,2,0,3,-175,Home,5.5
2022-01-15,COL,ARI,1,3,1,0,5,0,0,0,0,0,-440,Away,6.5
2022-01-15,LA,SEA,1,1,1,0,3,0,1,0,0,1,-115,Away,5.5
2022-01-15,OTT,EDM,1,0,5,0,6,1,2,1,0,4,-200,Home,6.5
2022-01-15,PIT,SJ,1,0,0,1,2,1,0,0,0,1,-145,Away,6
2022-01-16,VAN,WAS,0,3,1,0,4,1,0,1,0,2,-170,Home,5.5
2022-01-17,DET,BUF,0,0,2,1,3,1,0,1,0,2,-150,Away,5.5
2022-01-17,MIN,COL,0,1,2,0,3,2,0,1,1,4,-250,Home,6.5
2022-01-17,LA,SJ,1,0,1,0,2,4,2,0,0,6,0,Even,5.5
2022-01-17,MTL,ARI,1,1,0,0,2,2,2,1,0,5,-135,Home,5.5
2022-01-17,CHI,SEA,0,2,0,0,2,0,1,1,1,3,-115,Home,5.5
2022-01-17,PHI,NYI,0,1,0,0,1,0,2,2,0,4,-200,Home,5.5
2022-01-17,NSH,STL,2,0,1,0,3,2,2,1,0,5,-135,Home,6
2022-01-17,PIT,VGK,0,2,3,0,5,3,0,0,0,3,0,Even,6
2022-01-18,BUF,OTT,1,0,2,0,3,0,1,0,0,1,-230,Home,6
2022-01-18,CAR,BOS,5,0,2,0,7,1,0,0,0,1,-135,Home,5.5
2022-01-18,NYI,PHI,1,1,1,1,4,1,1,1,0,3,-130,Away,5.5
2022-01-18,WPG,WAS,2,0,1,0,3,1,1,1,1,4,-125,Home,6
2022-01-18,VAN,NSH,0,1,2,0,3,0,1,0,0,1,-130,Home,5.5
2022-01-18,MTL,DAL,0,2,3,0,5,0,1,2,0,3,-360,Home,5.5
2022-01-18,FLA,CGY,0,1,0,0,1,2,1,2,0,5,-145,Away,6.5
2022-01-18,TB,LA,1,2,3,0,6,0,3,1,0,4,-210,Away,5.5
2022-01-19,ARI,NJ,0,3,1,0,4,1,0,0,0,1,-200,Home,6
2022-01-19,TOR,NYR,3,0,0,0,3,1,2,3,0,6,-145,Away,5.5
2022-01-19,COL,ANA,0,1,1,0,2,0,0,0,0,0,-270,Away,6.5
2022-01-20,CBJ,PHI,0,1,1,0,2,0,0,1,0,1,-120,Home,6
2022-01-20,DAL,BUF,1,2,2,0,5,2,2,0,0,4,-230,Away,5.5
2022-01-20,OTT,PIT,1,0,3,0,4,3,2,1,0,6,-330,Home,6
2022-01-20,WAS,BOS,1,1,1,0,3,1,1,2,0,4,-200,Home,6
2022-01-20,WPG,NSH,0,1,1,0,2,3,1,1,0,5,-160,Home,5.5
2022-01-20,FLA,EDM,0,2,4,0,6,0,0,0,0,0,-170,Away,7
2022-01-20,COL,LA,1,1,2,0,4,0,1,0,0,1,-190,Away,6
2022-01-20,MTL,VGK,1,1,1,0,3,1,1,1,1,4,-330,Home,6
2022-01-20,SJ,SEA,1,0,1,0,2,0,2,1,0,3,-115,Home,5.5
2022-01-21,NYR,CAR,0,1,2,0,3,2,3,1,0,6,-220,Home,6
2022-01-21,PIT,CBJ,2,0,3,0,5,2,0,0,0,2,-240,Away,6.5
2022-01-21,ARI,NYI,0,0,0,0,0,2,0,2,0,4,-290,Home,5.5
2022-01-21,DAL,DET,1,2,1,1,5,1,2,1,0,4,-115,Away,5.5
2022-01-21,MIN,CHI,3,2,0,0,5,0,0,1,0,1,-120,Away,6
2022-01-21,FLA,VAN,0,0,1,1,2,1,0,0,0,1,-210,Away,6.5
2022-01-21,STL,SEA,2,0,3,0,5,0,0,0,0,0,-180,Away,5.5
2022-01-21,TB,ANA,0,0,1,0,1,2,1,2,0,5,-280,Away,5.5
2022-01-22,PHI,BUF,2,0,1,0,3,4,1,1,0,6,-145,Away,6
2022-01-22,WPG,BOS,2,0,0,0,2,1,1,1,0,3,-200,Home,6
2022-01-22,ARI,NYR,2,1,0,0,3,1,4,2,0,7,-320,Home,5.5
2022-01-22,CAR,NJ,2,2,0,0,4,2,3,2,0,7,-160,Away,6.5
2022-01-22,MTL,COL,0,1,1,0,2,1,1,0,1,3,-700,Home,6.5
2022-01-22,OTT,WAS,1,1,0,0,2,0,0,2,1,3,-210,Home,6.5
2022-01-22,TOR,NYI,2,1,0,0,3,1,0,0,0,1,-175,Away,5.5
2022-01-22,DET,NSH,0,1,0,0,1,0,2,2,0,4,-230,Home,5.5
2022-01-22,CHI,MIN,2,0,1,0,3,1,0,2,1,4,-230,Home,6
2022-01-22,CGY,EDM,2,1,0,0,3,0,3,2,0,5,-125,Away,6
2022-01-22,TB,SJ,4,1,2,0,7,1,0,0,0,1,-150,Away,6
2022-01-23,WPG,PIT,1,1,0,0,2,0,0,2,1,3,-240,Home,6
2022-01-23,OTT,CBJ,1,1,0,0,2,1,0,0,0,1,-135,Home,6.5
2022-01-23,LA,NJ,1,1,1,0,3,2,0,0,0,2,-145,Away,6
2022-01-23,FLA,SEA,1,2,0,0,3,0,3,2,0,5,-280,Away,6
2022-01-23,STL,VAN,1,2,0,0,3,1,0,0,0,1,-170,Away,6
2022-01-24,ANA,BOS,1,2,2,0,5,0,2,1,0,3,-250,Home,5.5
2022-01-24,DAL,PHI,1,0,2,0,3,0,1,0,0,1,-170,Away,5.5
2022-01-24,LA,NYR,0,2,0,0,2,1,0,1,1,3,-160,Home,5.5
2022-01-24,VGK,WAS,0,1,0,0,1,0,0,0,0,0,-145,Home,6
2022-01-24,MTL,MIN,1,0,1,0,2,2,3,3,0,8,-380,Home,6.5
2022-01-24,CHI,COL,0,0,0,0,0,0,1,1,0,2,-320,Home,6.5
2022-01-24,STL,CGY,1,0,0,0,1,3,4,0,0,7,-160,Home,6
2022-01-25,ARI,PIT,0,2,1,0,3,0,2,4,0,6,-475,Home,6
2022-01-25,BUF,OTT,0,0,0,0,0,3,1,1,0,5,-175,Home,6.5
2022-01-25,DAL,NJ,3,1,1,0,5,0,1,0,0,1,-140,Away,6
2022-01-25,VGK,CAR,0,1,2,0,3,0,2,1,1,4,-210,Home,6
2022-01-25,PHI,NYI,2,0,1,0,3,2,1,1,0,4,-270,Home,5.5
2022-01-25,FLA,WPG,3,1,1,0,5,2,1,0,0,3,-170,Away,6.5
2022-01-25,EDM,VAN,0,0,2,1,3,0,2,0,0,2,-160,Away,6.5
2022-01-25,NSH,SEA,1,2,1,0,4,1,1,0,0,2,-175,Away,5.5
2022-01-26,ANA,TOR,1,1,1,0,3,2,1,0,1,4,-270,Home,5.5
2022-01-26,CGY,CBJ,1,2,3,0,6,0,0,0,0,0,-200,Away,6
2022-01-26,SJ,WAS,1,1,2,0,4,0,0,1,0,1,-230,Home,5.5
2022-01-26,CHI,DET,4,0,4,0,8,0,3,2,0,5,-115,Home,5.5
2022-01-26,BOS,COL,0,3,0,0,3,1,0,2,1,4,-180,Home,6
2022-01-27,ANA,MTL,3,2,0,0,5,0,2,2,0,4,-140,Away,5.5
2022-01-27,CAR,OTT,0,1,1,1,3,0,1,1,0,2,-240,Away,6.5
2022-01-27,LA,NYI,1,1,1,0,3,0,0,2,0,2,-130,Home,5.5
2022-01-27,VGK,FLA,1,0,0,0,1,1,1,2,0,4,-150,Home,7
2022-01-27,NJ,TB,1,0,1,0,2,0,2,1,0,3,-360,Home,6.5
2022-01-27,NYR,CBJ,2,0,1,0,3,2,2,1,0,5,-200,Away,6
2022-01-27,SEA,PIT,0,0,1,1,2,0,0,1,0,1,-350,Home,6
2022-01-27,CGY,STL,1,0,0,0,1,2,1,2,0,5,-140,Home,6
2022-01-27,VAN,WPG,1,2,2,0,5,1,0,0,0,1,-190,Home,5.5
2022-01-27,NSH,EDM,1,1,0,0,2,1,1,0,1,3,-115,Home,6
2022-01-28,DET,PIT,1,1,0,1,3,0,1,1,0,2,-280,Home,6.5
2022-01-28,MIN,NYR,0,2,1,0,3,2,0,0,0,2,-145,Away,6
2022-01-28,COL,CHI,0,2,4,0,6,0,0,4,0,4,-200,Away,6.5
2022-01-28,BOS,ARI,1,1,0,0,2,1,0,0,0,1,-300,Away,6
2022-01-28,WAS,DAL,3,2,0,0,5,0,0,0,0,0,-130,Home,5.5
2022-01-29,ANA,OTT,1,0,1,0,2,1,0,0,0,1,-140,Away,5.5
2022-01-29,LA,PHI,0,1,2,0,3,1,1,1,1,4,-170,Away,5.5
2022-01-29,WPG,STL,1,2,1,0,4,1,0,0,0,1,-200,Home,6
2022-01-29,SJ,FLA,2,1,1,0,4,1,0,3,1,5,-350,Home,6.5
2022-01-29,EDM,MTL,3,3,1,0,7,0,2,0,0,2,-250,Away,6.5
2022-01-29,VGK,TB,1,1,0,1,3,0,0,2,0,2,-150,Home,6
2022-01-29,NJ,CAR,1,0,0,0,1,2,0,0,0,2,-300,Home,6.5
2022-01-29,TOR,DET,1,1,5,0,7,1,3,0,0,4,-280,Away,6
2022-01-29,BUF,ARI,2,1,0,0,3,0,0,1,0,1,-135,Home,5.5
2022-01-29,VAN,CGY,0,0,0,0,0,0,0,0,1,1,-190,Home,5.5
2022-01-30,LA,PIT,0,3,1,0,4,0,1,2,0,3,-250,Home,5.5
2022-01-30,SEA,NYR,0,1,1,0,2,1,1,1,0,3,-160,Home,5.5
2022-01-30,SJ,CAR,0,0,1,0,1,1,0,1,0,2,-280,Home,6
2022-01-30,BOS,DAL,0,0,1,0,1,2,2,2,0,6,-135,Away,5.5
2022-01-30,CBJ,MTL,4,0,2,0,6,1,1,1,0,3,-130,Away,6
2022-01-30,MIN,NYI,2,1,1,0,4,1,1,1,0,3,-125,Away,5.5
2022-01-30,BUF,COL,0,1,0,0,1,1,2,1,0,4,-650,Home,6.5
2022-01-31,FLA,CBJ,4,3,1,0,8,2,2,0,0,4,-330,Away,7
2022-01-31,ANA,DET,0,1,0,0,1,1,0,0,1,2,-115,Away,5.5
2022-01-31,EDM,OTT,1,0,1,0,2,1,1,0,1,3,-220,Away,6.5
2022-01-31,NJ,TOR,3,1,0,0,4,2,0,4,0,6,-380,Home,6
2022-01-31,VAN,CHI,1,1,1,0,3,0,0,1,0,1,-130,Home,5.5
2022-02-01,FLA,NYR,1,1,0,0,2,1,2,2,0,5,-160,Away,6.5
2022-02-01,SEA,BOS,0,0,2,0,2,0,2,1,0,3,-280,Home,5.5
2022-02-01,SJ,TB,0,1,1,0,2,0,2,0,1,3,-360,Home,5.5
2022-02-01,TOR,NJ,4,2,1,0,7,0,0,1,0,1,-250,Away,6.5
2022-02-01,WAS,PIT,2,1,0,1,4,2,1,0,0,3,-160,Home,6
2022-02-01,WPG,PHI,1,0,0,0,1,0,1,2,0,3,-160,Away,5.5
2022-02-01,OTT,NYI,1,0,0,0,1,1,2,1,0,4,-250,Home,5.5
2022-02-01,VAN,NSH,2,0,0,0,2,2,1,1,0,4,-190,Home,5.5
2022-02-01,CGY,DAL,1,0,3,0,4,2,1,0,0,3,-125,Away,5.5
2022-02-01,ARI,COL,0,1,1,1,3,0,2,0,0,2,-600,Home,6.5
2022-02-01,BUF,VGK,0,1,1,0,2,2,2,1,0,5,-550,Home,6
2022-02-02,EDM,WAS,3,0,2,0,5,1,1,1,0,3,-130,Away,6
2022-02-02,SEA,NYI,0,0,3,0,3,0,0,0,0,0,-220,Home,5
2022-02-02,LA,DET,0,2,3,0,5,1,0,2,0,3,-135,Away,5.5
2022-02-02,CGY,ARI,2,1,1,0,4,1,1,0,0,2,-290,Away,5.5
2022-02-02,MIN,CHI,0,3,2,0,5,0,0,0,0,0,-175,Away,6
2022-02-07,CAR,TOR,1,0,2,0,3,0,2,1,1,4,-135,Home,6.5
2022-02-07,NJ,OTT,1,0,0,0,1,1,2,1,0,4,-125,Home,6.5
2022-02-08,CAR,OTT,0,0,3,0,3,2,2,0,0,4,-240,Away,6
2022-02-08,CBJ,WAS,0,3,2,0,5,1,2,1,0,4,-250,Home,6.5
2022-02-08,NJ,MTL,2,3,2,0,7,0,1,0,0,1,-115,Away,6
2022-02-08,PIT,BOS,0,3,1,0,4,2,0,0,0,2,-135,Home,5.5
2022-02-08,MIN,WPG,0,0,0,0,0,1,0,1,0,2,-160,Away,6
2022-02-08,VGK,EDM,2,1,1,0,4,0,0,0,0,0,-115,Home,6.5
2022-02-08,ARI,VAN,0,1,0,0,1,0,3,2,0,5,-230,Home,5.5
2022-02-09,DET,PHI,2,2,2,0,6,2,1,0,0,3,-115,Home,6
2022-02-09,CHI,EDM,2,0,2,0,4,0,1,0,0,1,-175,Home,6.5
2022-02-09,NSH,DAL,1,2,0,0,3,1,2,1,0,4,-115,Away,5.5
2022-02-09,VGK,CGY,0,0,0,0,0,3,1,2,0,6,-140,Home,6
2022-02-09,ARI,SEA,1,1,3,0,5,0,0,2,0,2,-230,Home,5.5
2022-02-09,NYI,VAN,5,0,1,0,6,1,2,0,0,3,-135,Away,5
2022-02-10,CAR,BOS,1,3,2,0,6,0,0,0,0,0,-145,Away,5.5
2022-02-10,CBJ,BUF,1,0,2,1,4,0,2,1,0,3,-120,Away,6
2022-02-10,PIT,OTT,0,1,1,0,2,0,0,0,0,0,-200,Away,6
2022-02-10,WAS,MTL,2,2,1,0,5,0,2,0,0,2,-240,Away,6
2022-02-10,NJ,STL,2,0,5,0,7,1,2,1,0,4,-260,Home,6
2022-02-10,TB,COL,1,1,0,0,2,2,1,0,0,3,-115,Home,6
2022-02-10,TOR,CGY,0,1,1,0,2,0,4,1,0,5,-140,Away,6
2022-02-11,WPG,DAL,0,2,1,0,3,0,2,1,1,4,-150,Home,6
2022-02-11,NYI,EDM,0,1,0,0,1,1,1,1,0,3,-150,Home,5.5
2022-02-11,TB,ARI,2,0,2,0,4,1,0,2,0,3,-300,Away,6
2022-02-11,SEA,ANA,2,1,1,0,4,1,2,0,0,3,-160,Home,5.5
2022-02-12,PHI,DET,0,1,1,0,2,1,1,2,0,4,-145,Home,5.5
2022-02-12,BOS,OTT,2,0,0,0,2,0,0,0,0,0,-145,Away,5.5
2022-02-12,CBJ,MTL,1,0,1,0,2,0,0,1,0,1,-140,Away,6.5
2022-02-12,TOR,VAN,0,2,0,0,2,2,1,0,0,3,-210,Away,6
2022-02-12,WPG,NSH,1,1,3,0,5,2,0,0,0,2,-200,Home,6
2022-02-12,CAR,MIN,0,0,2,0,2,0,1,2,0,3,-115,Away,6
2022-02-12,CHI,STL,0,1,0,0,1,2,1,2,0,5,-220,Home,6
2022-02-12,NYI,CGY,1,1,0,0,2,2,1,2,0,5,-210,Home,5.5
2022-02-13,BUF,MTL,1,2,2,0,5,0,3,0,0,3,-115,Away,6
2022-02-13,OTT,WAS,2,1,1,0,4,0,1,0,0,1,-260,Home,6
2022-02-13,PIT,NJ,0,1,3,0,4,0,1,1,0,2,-240,Away,6.5
2022-02-13,COL,DAL,2,0,2,0,4,0,0,0,0,0,-170,Away,6
2022-02-14,DET,MIN,2,0,2,0,4,2,2,3,0,7,-240,Home,6
2022-02-14,CHI,WPG,0,1,2,0,3,0,0,1,0,1,-170,Home,5.5
2022-02-14,TOR,SEA,3,1,2,0,6,1,0,1,0,2,-270,Away,6
2022-02-14,EDM,SJ,2,0,1,0,3,0,0,0,0,0,-160,Away,6
2022-02-15,BOS,NYR,1,0,0,0,1,0,0,1,1,2,-150,Home,5.5
2022-02-15,NYI,BUF,1,1,1,0,3,1,2,3,0,6,-200,Away,5.5
2022-02-15,PHI,PIT,1,3,0,0,4,2,0,2,1,5,-330,Home,6
2022-02-15,STL,OTT,1,2,2,0,5,1,1,0,0,2,-230,Away,6
2022-02-15,TB,NJ,1,2,3,0,6,2,1,0,0,3,-320,Away,6
2022-02-15,WAS,NSH,1,0,3,0,4,0,0,1,0,1,-145,Home,6
2022-02-15,CBJ,CGY,1,0,1,0,2,2,2,2,0,6,-290,Home,6
2022-02-15,DAL,COL,1,2,1,0,4,0,1,0,0,1,-270,Home,6
2022-02-15,EDM,LA,0,1,4,0,5,1,0,1,0,2,0,Even,6.5
2022-02-16,MIN,WPG,1,0,2,0,3,0,2,4,0,6,-135,Away,6
2022-02-16,FLA,CAR,0,1,1,1,3,1,0,1,0,2,0,Even,6.5
2022-02-16,ANA,CGY,0,1,1,0,2,2,2,2,0,6,-230,Home,5.5
2022-02-16,COL,VGK,0,0,2,0,2,0,0,0,0,0,-145,Away,6.5
2022-02-17,DET,NYR,1,1,0,1,3,0,1,1,0,2,-220,Home,6
2022-02-17,OTT,BUF,0,1,2,0,3,1,0,0,0,1,-135,Home,6
2022-02-17,PIT,TOR,0,0,1,0,1,1,2,1,0,4,-150,Home,6.5
2022-02-17,STL,MTL,1,0,1,0,2,1,0,1,1,3,-280,Away,6
2022-02-17,WAS,PHI,1,1,3,0,5,0,2,1,0,3,-175,Away,6
2022-02-17,BOS,NYI,1,0,0,0,1,0,1,3,0,4,0,Even,5.5
2022-02-17,SEA,WPG,2,0,1,0,3,1,2,2,0,5,-135,Home,6
2022-02-17,CBJ,CHI,3,1,3,0,7,2,1,1,0,4,-130,Home,6
2022-02-17,ANA,EDM,2,0,1,0,3,1,3,3,0,7,-230,Home,6.5
2022-02-17,VAN,SJ,2,1,1,1,5,0,2,2,0,4,-125,Away,5.5
2022-02-18,NSH,CAR,0,1,2,0,3,1,2,2,0,5,-160,Home,6
2022-02-18,FLA,MIN,2,1,3,0,6,1,0,1,0,2,-130,Away,7
2022-02-18,DAL,CHI,0,0,0,1,1,0,0,0,0,0,-160,Away,5.5
2022-02-18,LA,VGK,1,2,0,1,4,2,1,0,0,3,-160,Home,6
2022-02-19,COL,BUF,3,0,2,0,5,2,1,0,0,3,-440,Away,6
2022-02-19,EDM,WPG,1,2,1,0,4,0,0,2,0,2,-120,Away,6.5
2022-02-19,BOS,OTT,0,2,0,1,3,0,1,1,0,2,-180,Away,5.5
2022-02-19,STL,TOR,2,1,3,0,6,1,2,0,0,3,-220,Home,6.5
2022-02-19,LA,ARI,1,1,3,0,5,1,2,0,0,3,-170,Away,5.5
2022-02-19,ANA,VAN,3,3,1,0,7,0,2,2,0,4,-150,Home,5.5
2022-02-19,SEA,CGY,1,0,0,0,1,1,0,1,0,2,-300,Home,6
2022-02-20,CAR,PIT,1,1,2,0,4,0,2,1,0,3,-135,Home,6.5
2022-02-20,MTL,NYI,1,1,0,1,3,0,1,1,0,2,-300,Home,5.5
2022-02-20,FLA,CHI,1,1,3,0,5,1,0,1,0,2,-260,Away,6.5
2022-02-20,NYR,OTT,1,1,0,0,2,1,0,0,0,1,-230,Away,6
2022-02-20,BUF,CBJ,2,1,0,0,3,2,3,2,0,7,-150,Home,6.5
2022-02-20,DAL,ARI,0,1,0,0,1,0,2,1,0,3,-270,Away,5.5
2022-02-20,VGK,SJ,2,1,1,0,4,0,0,1,0,1,-170,Away,6
2022-02-20,MIN,EDM,4,2,1,0,7,1,1,1,0,3,0,Even,6.5
2022-02-21,COL,BOS,0,1,0,0,1,1,3,1,0,5,-170,Away,6
2022-02-21,CAR,PHI,0,2,1,1,4,0,1,2,0,3,-250,Away,6.5
2022-02-21,WPG,CGY,0,1,0,0,1,0,1,2,0,3,-240,Home,6
2022-02-21,TOR,MTL,0,0,2,0,2,2,3,0,0,5,-420,Away,6.5
2022-02-21,SEA,VAN,2,0,0,0,2,1,2,2,0,5,-180,Home,5.5
2022-02-22,MIN,OTT,0,2,1,0,3,2,1,1,0,4,-240,Away,6
2022-02-22,NSH,FLA,1,2,3,0,6,1,2,1,0,4,-270,Home,7
2022-02-22,STL,PHI,1,0,3,0,4,0,0,1,0,1,-230,Away,6
2022-02-22,TOR,CBJ,1,1,1,0,3,0,1,2,1,4,-270,Away,7
2022-02-22,NYI,SEA,2,2,1,0,5,0,1,1,0,2,-160,Away,5
2022-02-22,SJ,ANA,2,1,0,0,3,1,2,0,1,4,-160,Home,5.5
2022-02-23,BUF,MTL,0,0,0,0,0,1,1,2,0,4,-115,Home,6
2022-02-23,COL,DET,2,1,2,0,5,0,1,1,0,2,-250,Away,6
2022-02-23,EDM,TB,1,1,1,0,3,2,2,1,0,5,-200,Home,6.5
2022-02-23,WPG,DAL,1,0,1,0,2,0,1,1,1,3,-150,Home,5.5
2022-02-23,LA,ARI,0,2,1,0,3,0,2,0,0,2,-200,Away,5.5
2022-02-24,CBJ,FLA,1,1,4,0,6,1,0,2,0,3,-475,Home,7
2022-02-24,MIN,TOR,0,1,0,0,1,0,1,2,0,3,-140,Home,6.5
2022-02-24,NJ,PIT,3,2,1,0,6,0,1,0,0,1,-280,Home,6.5
2022-02-24,WAS,NYR,0,0,1,0,1,1,1,2,0,4,-120,Home,6
2022-02-24,DAL,NSH,0,1,0,0,1,1,0,0,1,2,-150,Home,5.5
2022-02-24,BOS,SEA,1,1,0,1,3,1,1,0,0,2,-220,Away,5.5
2022-02-24,CGY,VAN,0,0,1,0,1,0,5,2,0,7,-160,Away,5.5
2022-02-24,NYI,SJ,1,2,0,0,3,2,1,0,1,4,-130,Away,5.5
2022-02-25,CBJ,CAR,0,0,0,0,0,0,2,2,0,4,-360,Home,6.5
2022-02-25,BUF,STL,1,1,1,0,3,2,1,2,0,5,-330,Home,6
2022-02-25,NJ,CHI,2,1,2,0,5,1,3,4,0,8,0,Even,6
2022-02-25,WPG,COL,3,0,0,0,3,0,3,3,0,6,-300,Home,6.5
2022-02-25,VGK,ARI,0,1,0,0,1,0,1,2,0,3,-270,Away,5.5
2022-02-25,LA,ANA,1,3,0,0,4,0,0,1,0,1,-120,Away,5.5
2022-02-26,EDM,FLA,1,3,0,0,4,2,0,1,0,3,-210,Home,7
2022-02-26,WAS,PHI,0,1,0,0,1,2,0,0,0,2,-160,Away,6
2022-02-26,NYR,PIT,0,0,0,0,0,0,0,1,0,1,-160,Home,5.5
2022-02-26,MTL,OTT,1,1,0,0,2,0,1,0,0,1,-160,Home,6
2022-02-26,TB,NSH,0,2,1,0,3,1,0,1,0,2,-175,Away,6
2022-02-26,TOR,DET,3,4,3,0,10,1,1,5,0,7,-210,Away,6.5
2022-02-26,BOS,SJ,1,0,2,0,3,0,1,0,0,1,-190,Away,5.5
2022-02-26,COL,VGK,1,0,2,0,3,2,0,0,0,2,-175,Away,6
2022-02-26,MIN,CGY,1,0,2,0,3,3,2,2,0,7,-160,Home,6
2022-02-26,NYI,LA,0,1,1,0,2,2,2,1,0,5,-135,Home,5.5
2022-02-27,EDM,CAR,0,1,0,0,1,2,0,0,0,2,-210,Home,6.5
2022-02-27,BUF,DAL,0,1,1,0,2,1,2,1,0,4,-300,Home,5.5
2022-02-27,STL,CHI,0,3,1,0,4,0,0,0,0,0,-160,Away,6
2022-02-27,WPG,ARI,2,0,3,0,5,2,1,0,0,3,-160,Away,5.5
2022-02-27,PIT,CBJ,1,0,2,0,3,1,1,0,0,2,-180,Away,6.5
2022-02-27,VAN,NYR,2,2,1,0,5,0,0,2,0,2,-115,Home,5.5
2022-02-27,NYI,ANA,1,1,2,0,4,0,0,0,0,0,-125,Home,5.5
2022-02-27,SEA,SJ,1,0,0,0,1,1,1,1,0,3,-125,Home,5.5
2022-02-28,TOR,WAS,3,0,2,0,5,1,1,1,0,3,-135,Away,6.5
2022-02-28,VAN,NJ,0,2,0,0,2,3,3,1,0,7,-130,Home,6.5
2022-02-28,BOS,LA,2,3,2,0,7,0,0,0,0,0,-125,Away,5.5
2022-03-01,EDM,PHI,1,1,1,0,3,0,0,0,0,0,-160,Away,6.5
2022-03-01,NJ,CBJ,1,1,1,0,3,2,1,1,0,4,-115,Home,6.5
2022-03-01,OTT,TB,2,0,0,0,2,2,2,1,0,5,-430,Home,6
2022-03-01,CAR,DET,1,0,2,0,3,0,1,2,1,4,-210,Away,6.5
2022-03-01,CGY,MIN,2,1,2,0,5,0,1,0,0,1,-125,Away,6.5
2022-03-01,MTL,WPG,3,1,0,0,4,4,1,3,0,8,-230,Home,6
2022-03-01,NYI,COL,1,2,0,0,3,1,1,3,0,5,-300,Home,6
2022-03-01,BOS,ANA,1,1,1,0,3,3,0,1,0,4,-175,Away,5.5
2022-03-01,SJ,VGK,0,1,0,0,1,1,1,1,0,3,-250,Home,5.5
2022-03-02,BUF,TOR,1,2,2,0,5,1,0,0,0,1,-420,Home,6.5
2022-03-02,STL,NYR,0,3,0,0,3,1,1,3,0,5,0,Even,5.5
2022-03-02,LA,DAL,1,2,0,0,3,0,4,0,0,4,-135,Home,5.5
2022-03-02,NSH,SEA,1,2,0,0,3,0,3,1,0,4,-190,Away,5.5
2022-03-03,CAR,WAS,0,0,0,0,0,1,2,1,0,4,-130,Away,6
2022-03-03,MIN,PHI,2,1,2,0,5,2,2,0,0,4,-190,Away,6
2022-03-03,OTT,FLA,0,0,0,0,0,1,0,2,0,3,-420,Home,6.5
2022-03-03,PIT,TB,2,1,2,0,5,0,1,0,0,1,-170,Home,6
2022-03-03,VAN,NYI,0,2,2,0,4,0,2,1,0,3,0,Even,5.5
2022-03-03,EDM,CHI,2,0,1,0,3,2,0,1,1,4,-145,Away,6
2022-03-03,BOS,VGK,1,1,3,0,5,0,1,1,0,2,-115,Away,5.5
2022-03-03,COL,ARI,0,1,0,0,1,0,1,1,0,2,-420,Away,6.5
2022-03-03,MTL,CGY,1,1,2,1,5,1,2,1,0,4,-430,Home,6
2022-03-04,DET,TB,0,1,0,0,1,0,1,2,0,3,-270,Home,6.5
2022-03-04,LA,CBJ,0,1,2,1,4,0,3,0,0,3,-145,Away,6.5
2022-03-04,MIN,BUF,1,0,3,0,4,1,1,3,0,5,-210,Away,6.5
2022-03-04,NJ,NYR,1,0,0,0,1,1,1,1,0,3,-170,Home,6
2022-03-04,PIT,CAR,2,0,0,0,2,0,1,1,1,3,-135,Home,6.5
2022-03-04,DAL,WPG,1,1,1,1,4,0,1,2,0,3,-130,Home,6
2022-03-04,VGK,ANA,1,4,0,0,5,1,2,1,0,4,-125,Away,5.5
2022-03-05,STL,NYI,0,0,1,0,1,1,1,0,0,2,-145,Away,5.5
2022-03-05,CHI,PHI,0,3,0,0,3,1,1,2,0,4,-130,Home,6
2022-03-05,OTT,ARI,0,3,2,0,5,2,2,4,0,8,-120,Away,5.5
2022-03-05,DET,FLA,1,0,1,0,2,3,3,0,0,6,-420,Home,7
2022-03-05,MTL,EDM,2,1,2,0,5,1,1,0,0,2,-250,Home,6.5
2022-03-05,SEA,WAS,1,1,0,0,2,2,1,2,0,5,-230,Home,5.5
2022-03-05,VAN,TOR,2,1,3,0,6,1,3,0,0,4,-220,Home,6.5
2022-03-05,BOS,CBJ,1,1,2,1,5,2,1,1,0,4,-250,Away,5.5
2022-03-05,NSH,SJ,2,2,4,0,8,0,0,0,0,0,-175,Away,5.5
2022-03-05,CGY,COL,2,1,0,1,4,2,1,0,0,3,-175,Home,6.5
2022-03-06,LA,BUF,0,1,2,0,3,0,0,0,0,0,-175,Away,6
2022-03-06,STL,NJ,0,0,2,0,2,1,1,0,1,3,-135,Away,6.5
2022-03-06,DAL,MIN,1,3,2,0,6,1,0,2,0,3,-150,Home,6.5
2022-03-06,NYR,WPG,2,0,2,0,4,0,1,0,0,1,-115,Home,5.5
2022-03-06,SEA,CAR,0,2,0,0,2,0,2,1,0,3,-330,Home,6
2022-03-06,TB,CHI,0,3,3,0,6,1,1,1,0,3,-250,Away,6
2022-03-06,OTT,VGK,0,1,0,0,1,0,1,1,0,2,-300,Home,6
2022-03-06,SJ,ANA,1,1,0,0,2,0,2,0,1,3,-190,Home,5.5
2022-03-07,FLA,BUF,1,4,1,0,6,0,0,1,0,1,-350,Away,7
2022-03-07,LA,BOS,1,0,1,1,3,1,1,0,0,2,-180,Home,5.5
2022-03-07,TOR,CBJ,3,0,2,0,5,0,2,2,0,4,-200,Away,7
2022-03-07,COL,NYI,1,0,4,0,5,1,0,3,0,4,-200,Away,6
2022-03-07,EDM,CGY,0,0,1,0,1,0,2,1,0,3,-210,Home,6.5
2022-03-08,COL,NJ,2,1,0,0,3,0,3,2,0,5,-230,Away,6.5
2022-03-08,FLA,PIT,2,1,1,0,4,0,2,1,0,3,-120,Away,6.5
2022-03-08,VGK,PHI,0,1,0,0,1,2,0,0,0,2,-170,Away,6
2022-03-08,ARI,DET,3,4,2,0,9,1,1,0,0,2,-170,Home,6
2022-03-08,SEA,TOR,1,2,1,0,4,2,1,3,0,6,-280,Home,6.5
2022-03-08,DAL,NSH,0,0,1,0,1,0,0,2,0,2,-135,Home,5.5
2022-03-08,NYR,MIN,0,2,0,0,2,2,3,0,0,5,-175,Home,6.5
2022-03-08,OTT,STL,1,1,2,0,4,1,0,0,0,1,-270,Home,6
2022-03-08,TB,WPG,3,0,1,0,4,3,0,4,0,7,-170,Away,6
2022-03-08,ANA,CHI,0,3,0,0,3,5,2,1,0,8,-120,Home,6
2022-03-08,WAS,CGY,0,2,3,0,5,1,1,2,0,4,-130,Home,6
2022-03-09,WAS,EDM,0,1,2,0,3,0,2,1,1,4,-140,Home,6.5
2022-03-09,MTL,VAN,1,1,1,0,3,1,1,3,0,5,-220,Home,6
2022-03-10,ARI,TOR,2,2,0,1,5,0,1,3,0,4,-380,Home,6.5
2022-03-10,CHI,BOS,1,1,1,0,3,1,2,1,0,4,-290,Home,6
2022-03-10,COL,CAR,0,0,0,0,0,0,0,2,0,2,-120,Away,6.5
2022-03-10,VGK,BUF,0,0,1,0,1,1,0,2,0,3,-200,Away,6
2022-03-10,MIN,DET,2,1,2,1,6,3,1,1,0,5,-175,Away,6.5
2022-03-10,PHI,FLA,0,3,0,0,3,4,0,2,0,6,-400,Home,6.5
2022-03-10,SEA,OTT,0,0,3,0,3,1,2,0,1,4,-145,Home,5.5
2022-03-10,WPG,NJ,1,1,0,0,2,1,0,0,0,1,-130,Home,7
2022-03-10,CBJ,NYI,0,0,0,0,0,1,3,2,0,6,-175,Home,6
2022-03-10,ANA,NSH,0,0,1,0,1,1,1,2,0,4,-200,Home,5.5
2022-03-10,NYR,STL,1,1,0,0,2,3,3,0,0,6,-120,Home,5.5
2022-03-10,TB,CGY,0,1,0,0,1,1,2,1,0,4,-115,Home,6
2022-03-10,SJ,LA,1,1,1,1,4,2,1,0,0,3,-200,Home,5.5
2022-03-11,VGK,PIT,0,2,0,0,2,1,1,3,0,5,-200,Home,6
2022-03-11,MIN,CBJ,1,1,0,0,2,1,0,1,1,3,-200,Away,6.5
2022-03-11,WPG,NYI,1,0,1,0,2,1,2,2,0,5,-125,Home,6
2022-03-11,WAS,VAN,2,0,1,1,4,0,0,3,0,3,-115,Home,6
2022-03-12,STL,NSH,3,1,3,0,7,1,3,0,0,4,-140,Home,5.5
2022-03-12,PHI,CAR,0,1,0,0,1,0,1,2,0,3,-360,Home,6
2022-03-12,ANA,NJ,1,0,0,0,1,0,1,0,1,2,-150,Home,6
2022-03-12,ARI,BOS,0,1,1,0,2,2,0,1,0,3,-360,Home,6
2022-03-12,CHI,OTT,0,4,2,0,6,2,1,0,0,3,-115,Home,5.5
2022-03-12,DET,CGY,0,0,0,0,0,1,0,2,0,3,-350,Home,6.5
2022-03-12,SEA,MTL,2,1,0,1,4,1,0,2,0,3,-125,Home,6
2022-03-12,NYR,DAL,4,1,2,0,7,2,1,1,0,4,-125,Home,5.5
2022-03-12,LA,SJ,0,0,0,0,0,3,1,1,0,5,-130,Away,5.5
2022-03-12,TB,EDM,0,0,1,0,1,1,1,2,0,4,-125,Away,6.5
2022-03-13,CAR,PIT,0,0,2,0,2,1,1,2,0,4,-135,Home,6
2022-03-13,TOR,BUF,0,2,0,0,2,0,2,3,0,5,-320,Away,6.5
2022-03-13,VGK,CBJ,2,1,1,0,4,3,2,1,0,6,-160,Away,6
2022-03-13,MTL,PHI,0,2,1,1,4,1,1,1,0,3,-160,Home,6
2022-03-13,NSH,MIN,1,2,3,0,6,1,1,0,0,2,-180,Home,6.5
2022-03-13,WPG,STL,0,1,2,1,4,1,1,1,0,3,-130,Home,6
2022-03-13,ANA,NYI,1,1,1,0,3,3,1,0,0,4,-180,Home,5.5
2022-03-13,CGY,COL,0,0,0,0,0,1,0,2,0,3,-175,Home,6.5
2022-03-13,FLA,LA,0,2,0,0,2,1,0,1,1,3,-230,Away,6.5
2022-03-13,TB,VAN,2,0,0,0,2,0,0,1,0,1,-150,Away,6
2022-03-14,ARI,OTT,2,1,2,0,5,2,0,1,0,3,-160,Home,6
2022-03-15,ANA,NYR,1,1,1,0,3,1,1,1,1,4,-175,Home,6
2022-03-15,ARI,MTL,4,1,1,0,6,1,2,0,0,3,-160,Home,6
2022-03-15,DAL,TOR,0,0,0,0,0,2,0,2,0,4,-135,Home,6.5
2022-03-15,NYI,WAS,0,2,1,0,3,1,0,2,1,4,-160,Home,5.5
2022-03-15,VGK,WPG,0,1,2,0,3,2,3,2,0,7,-130,Home,6
2022-03-15,PIT,NSH,0,1,0,0,1,1,2,1,0,4,-115,Home,6
2022-03-15,BOS,CHI,0,0,1,1,2,0,0,1,0,1,-170,Away,6
2022-03-15,DET,EDM,1,1,3,0,5,4,0,3,0,7,-260,Home,6.5
2022-03-15,NJ,VAN,1,2,0,0,3,2,2,2,0,6,-135,Home,6
2022-03-15,COL,LA,1,1,1,0,3,0,0,0,0,0,-220,Away,6
2022-03-15,FLA,SJ,1,0,1,1,3,2,0,0,0,2,-250,Away,6.5
2022-03-16,BOS,MIN,1,1,0,0,2,2,0,2,0,4,-120,Home,6
2022-03-16,CBJ,OTT,1,2,1,0,4,1,0,0,0,1,-130,Home,6.5
2022-03-16,NJ,CGY,1,1,1,0,3,2,3,1,0,6,-330,Home,6
2022-03-16,TB,SEA,1,1,2,0,4,1,0,0,0,1,-300,Away,6
2022-03-17,CAR,TOR,0,0,2,0,2,1,1,1,0,3,-120,Away,6
2022-03-17,DAL,MTL,1,1,1,1,4,0,1,2,0,3,-175,Away,6
2022-03-17,NSH,PHI,0,3,1,0,4,1,2,2,0,5,-175,Away,6
2022-03-17,NYI,NYR,0,1,1,0,2,0,1,0,0,1,-140,Home,5.5
2022-03-17,WAS,CBJ,2,2,3,0,7,0,1,1,0,2,-210,Away,6.5
2022-03-17,PIT,STL,1,1,0,1,3,0,1,1,0,2,-125,Away,6
2022-03-17,BUF,EDM,0,0,1,0,1,2,2,2,0,6,-270,Home,6.5
2022-03-17,DET,VAN,0,1,0,0,1,0,0,0,0,0,-210,Home,6.5
2022-03-17,SJ,LA,0,0,0,0,0,0,2,1,0,3,-160,Home,5.5
2022-03-17,FLA,VGK,1,1,1,0,3,1,2,2,0,5,-200,Away,6.5
2022-03-18,PHI,OTT,0,1,0,0,1,1,0,2,0,3,-150,Home,6
2022-03-18,WAS,CAR,2,0,1,1,4,1,2,0,0,3,-170,Home,6
2022-03-18,BOS,WPG,0,2,2,0,4,0,0,2,0,2,-125,Away,6.5
2022-03-18,BUF,CGY,0,0,0,1,1,0,0,0,0,0,-475,Home,6.5
2022-03-18,FLA,ANA,2,1,0,0,3,0,0,0,0,0,-230,Away,6.5
2022-03-18,COL,SJ,2,2,1,0,5,0,1,2,0,3,-290,Away,6.5
2022-03-19,CHI,MIN,0,0,1,0,1,1,0,2,0,3,-270,Home,6.5
2022-03-19,DAL,NYI,0,1,1,0,2,0,1,3,0,4,-125,Home,5.5
2022-03-19,NJ,EDM,1,0,2,0,3,1,1,4,0,6,-250,Home,6.5
2022-03-19,LA,VGK,0,1,0,0,1,1,2,2,0,5,-130,Home,6
2022-03-19,PIT,ARI,0,1,3,0,4,0,1,0,0,1,-270,Away,6
2022-03-19,STL,CBJ,1,1,2,0,4,2,1,2,0,5,-160,Away,6.5
2022-03-19,OTT,MTL,1,0,0,0,1,1,3,1,0,5,-150,Home,6
2022-03-19,TOR,NSH,0,1,2,0,3,1,2,3,0,6,-120,Away,6
2022-03-19,NYR,TB,0,1,1,0,2,1,0,0,0,1,-210,Home,5.5
2022-03-19,CGY,VAN,3,1,1,0,5,0,0,2,0,2,-115,Away,6
2022-03-19,DET,SEA,0,2,0,0,2,0,0,4,0,4,-120,Home,6
2022-03-20,NYI,PHI,1,0,0,0,1,0,2,0,0,2,-170,Away,5.5
2022-03-20,DAL,WAS,2,1,0,0,3,0,1,1,0,2,-170,Home,6
2022-03-20,NYR,CAR,0,1,1,0,2,0,0,0,0,0,-240,Home,6
2022-03-20,ARI,SJ,0,1,1,0,2,1,0,3,0,4,-200,Home,6
2022-03-20,WPG,CHI,1,4,1,0,6,0,2,2,0,4,-140,Away,6
2022-03-20,BUF,VAN,1,1,0,1,3,0,2,0,0,2,-200,Home,6
2022-03-21,BOS,MTL,1,0,1,1,3,0,1,1,0,2,-230,Away,6
2022-03-21,VGK,MIN,0,0,0,0,0,1,0,2,0,3,-190,Home,6.5
2022-03-21,EDM,COL,0,2,0,0,2,1,1,0,1,3,-190,Home,6.5
2022-03-21,NSH,ANA,1,1,4,0,6,1,1,1,0,3,-180,Away,5.5
2022-03-22,CBJ,PIT,1,0,0,0,1,0,4,1,0,5,-350,Home,6.5
2022-03-22,NYR,NJ,2,0,2,0,4,0,5,2,0,7,-150,Away,6
2022-03-22,STL,WAS,2,2,1,0,5,2,0,0,0,2,-150,Home,6
2022-03-22,TB,CAR,0,1,1,0,2,0,2,1,0,3,-120,Home,5.5
2022-03-22,OTT,NYI,0,0,0,0,0,0,0,3,0,3,-210,Home,5.5
2022-03-22,PHI,DET,0,2,1,0,3,2,2,2,0,6,-140,Home,6
2022-03-22,VGK,WPG,0,0,0,0,0,0,2,2,0,4,-170,Home,6
2022-03-22,EDM,DAL,1,0,2,0,3,0,2,3,0,5,-115,Home,6
2022-03-22,SJ,CGY,1,1,2,0,4,2,1,0,0,3,-330,Home,6
2022-03-22,SEA,ARI,0,3,1,0,4,0,2,0,0,2,-115,Away,6
2022-03-22,NSH,LA,0,1,0,0,1,3,0,3,0,6,-125,Home,6
2022-03-23,NJ,TOR,0,2,0,0,2,0,2,1,0,3,-300,Home,7
2022-03-23,PIT,BUF,0,2,1,0,3,1,1,1,1,4,-230,Away,6
2022-03-23,VAN,COL,0,0,3,0,3,0,0,1,0,1,-290,Home,6.5
2022-03-23,CHI,ANA,1,1,2,0,4,1,0,1,0,2,-125,Home,6
2022-03-24,DAL,CAR,0,1,2,1,4,0,1,2,0,3,-230,Home,5.5
2022-03-24,FLA,MTL,1,2,1,0,4,1,1,1,0,3,-280,Away,6.5
2022-03-24,TB,BOS,0,1,1,0,2,0,1,2,0,3,0,Even,5.5
2022-03-24,DET,NYI,0,0,2,0,2,2,1,2,0,5,-230,Home,5.5
2022-03-24,OTT,WPG,1,0,4,0,5,1,0,1,0,2,-240,Home,6
2022-03-24,PHI,STL,2,1,2,0,5,0,2,0,0,2,-260,Home,6
2022-03-24,VAN,MIN,1,0,1,0,2,1,1,0,1,3,-190,Home,6
2022-03-24,SJ,EDM,0,1,1,0,2,0,2,3,0,5,-240,Home,6.5
2022-03-24,CHI,LA,1,2,0,1,4,0,2,1,0,3,-210,Home,6
2022-03-24,NSH,VGK,0,1,0,0,1,2,2,2,0,6,-120,Away,6
2022-03-25,PIT,NYR,0,0,1,0,1,3,1,1,0,5,0,Even,5.5
2022-03-25,WAS,BUF,1,2,0,1,4,1,2,0,0,3,-200,Away,6
2022-03-25,CBJ,WPG,1,1,1,0,3,2,1,0,1,4,-160,Home,6.5
2022-03-25,ARI,CGY,0,1,1,0,2,0,3,1,0,4,-420,Home,6
2022-03-25,PHI,COL,1,1,1,0,3,4,1,1,0,6,-400,Home,6.5
2022-03-26,NYI,BOS,1,1,1,0,3,2,4,0,0,6,-190,Home,5.5
2022-03-26,TB,DET,0,0,1,1,2,0,0,1,0,1,-220,Away,6.5
2022-03-26,CHI,VGK,1,2,1,0,4,0,0,4,1,5,-200,Home,6
2022-03-26,FLA,OTT,0,2,1,1,4,2,1,0,0,3,-250,Away,6.5
2022-03-26,NJ,WAS,0,2,1,0,3,0,1,3,0,4,-170,Home,6.5
2022-03-26,TOR,MTL,1,0,1,0,2,0,2,2,0,4,-260,Away,6.5
2022-03-26,VAN,DAL,0,1,3,0,4,0,1,0,0,1,-140,Home,5.5
2022-03-26,CAR,STL,1,3,3,0,7,0,1,1,0,2,-135,Away,6
2022-03-26,CBJ,MIN,0,2,0,0,2,1,0,1,1,3,-300,Home,6.5
2022-03-26,EDM,CGY,2,3,0,0,5,3,3,3,0,9,-145,Home,6.5
2022-03-26,ANA,SJ,0,0,1,0,1,1,1,2,0,4,-135,Home,5.5
2022-03-26,SEA,LA,0,1,1,0,2,1,2,1,0,4,-190,Home,6
2022-03-27,TB,NYI,0,2,2,0,4,1,0,0,0,1,-145,Away,5.5
2022-03-27,BUF,NYR,1,2,1,0,4,2,1,1,1,5,-260,Home,6
2022-03-27,DET,PIT,0,2,0,0,2,2,5,4,0,11,-340,Home,6.5
2022-03-27,COL,MIN,0,0,2,0,2,0,1,1,1,3,-135,Away,6.5
2022-03-27,PHI,NSH,2,2,0,0,4,0,4,1,0,5,-280,Home,6
2022-03-27,ARI,WPG,0,0,1,0,1,1,0,0,1,2,-280,Home,6
2022-03-27,FLA,TOR,1,1,0,0,2,1,2,2,0,5,-125,Home,7
2022-03-27,MTL,NJ,0,1,1,0,2,1,1,0,1,3,-190,Home,6.5
2022-03-28,CAR,WAS,2,3,1,0,6,0,1,0,0,1,-135,Away,6
2022-03-28,VAN,STL,0,0,1,0,1,2,0,2,0,4,-160,Home,6
2022-03-28,BUF,CHI,0,3,3,0,6,3,1,1,0,5,-170,Home,6
2022-03-28,ARI,EDM,1,0,0,0,1,2,3,1,0,6,-430,Home,6.5
2022-03-28,SEA,LA,2,1,3,0,6,1,0,0,0,1,-210,Home,6
2022-03-29,CAR,TB,1,2,0,0,3,0,2,1,1,4,-145,Home,6
2022-03-29,MTL,FLA,1,3,0,0,4,2,2,3,0,7,-430,Home,6.5
2022-03-29,NYI,CBJ,2,2,0,0,4,1,1,1,0,3,-140,Away,6
2022-03-29,NYR,PIT,0,2,1,0,3,1,0,1,0,2,-170,Home,5.5
2022-03-29,TOR,BOS,3,3,0,0,6,1,1,2,0,4,-150,Home,6.5
2022-03-29,OTT,NSH,1,0,0,0,1,1,1,2,0,4,-230,Home,6
2022-03-29,PHI,MIN,0,0,1,0,1,2,2,0,0,4,-330,Home,6.5
2022-03-29,COL,CGY,0,1,1,0,2,0,1,0,0,1,-150,Home,6
2022-03-29,DAL,ANA,1,0,2,0,3,0,2,0,0,2,-180,Away,5.5
2022-03-30,WPG,BUF,0,2,0,1,3,1,1,0,0,2,-150,Away,6
2022-03-30,NYR,DET,2,1,1,1,5,2,1,1,0,4,-135,Away,6.5
2022-03-30,LA,EDM,1,2,0,0,3,2,1,0,1,4,-200,Home,6.5
2022-03-30,VGK,SEA,0,1,2,0,3,0,0,0,0,0,-160,Away,6
2022-03-30,SJ,ARI,1,1,0,0,2,1,1,3,0,5,-160,Away,6
2022-03-30,STL,VAN,0,3,1,0,4,0,2,1,0,3,-120,Home,6
2022-03-31,CHI,FLA,0,0,0,0,0,1,2,1,0,4,-350,Home,7
2022-03-31,CBJ,NYI,0,2,0,0,2,2,0,3,0,5,-200,Home,6
2022-03-31,MTL,CAR,0,0,0,0,0,2,1,1,0,4,-430,Home,6
2022-03-31,NJ,BOS,1,0,0,0,1,2,6,0,0,8,-250,Home,6.5
2022-03-31,WPG,TOR,2,1,0,0,3,1,4,2,0,7,-250,Home,6.5
2022-03-31,PIT,MIN,1,2,0,1,4,1,1,1,0,3,-130,Home,6.5
2022-03-31,LA,CGY,0,1,1,1,3,0,0,2,0,2,-330,Home,6
2022-03-31,SJ,COL,0,1,1,0,2,0,1,3,0,4,-350,Home,6.5
2022-03-31,DAL,ANA,1,0,1,1,3,0,1,1,0,2,-175,Away,5.5
2022-04-01,CHI,TB,2,0,0,0,2,2,2,1,0,5,-380,Home,6.5
2022-04-01,NSH,BUF,3,0,0,0,3,3,1,0,0,4,-200,Away,6
2022-04-01,NYI,NYR,1,1,1,0,3,0,0,0,0,0,-160,Home,5.5
2022-04-01,OTT,DET,1,0,4,0,5,0,1,1,0,2,-120,Home,6.5
2022-04-01,STL,EDM,1,2,2,0,5,4,1,0,1,6,-175,Home,7
2022-04-01,VGK,SEA,1,2,2,0,5,0,0,2,0,2,-170,Away,6
2022-04-01,ANA,ARI,3,1,1,0,5,0,0,0,0,0,-120,Away,6
2022-04-02,FLA,NJ,1,1,4,1,7,2,4,0,0,6,-210,Away,7
2022-04-02,PIT,COL,0,1,1,0,2,0,2,1,0,3,-145,Home,6
2022-04-02,CBJ,BOS,1,1,0,0,2,1,1,3,0,5,-380,Home,6.5
2022-04-02,LA,WPG,2,1,0,0,3,1,1,0,0,2,-130,Home,6
2022-04-02,MIN,CAR,1,1,1,0,3,0,0,1,0,1,-160,Home,6
2022-04-02,MTL,TB,0,3,1,1,5,2,2,0,0,4,-320,Home,6.5
2022-04-02,TOR,PHI,0,2,4,0,6,0,2,1,0,3,-290,Away,6.5
2022-04-02,STL,CGY,2,1,3,0,6,2,0,2,0,4,-270,Home,6.5
2022-04-02,DAL,SJ,4,0,1,0,5,1,1,2,0,4,-160,Away,6
2022-04-03,DET,OTT,1,0,1,0,2,1,2,2,0,5,-170,Home,6.5
2022-04-03,FLA,BUF,0,3,2,0,5,1,0,2,0,3,-230,Away,7
2022-04-03,NYI,NJ,2,1,1,0,4,0,1,2,0,3,-125,Away,6
2022-04-03,ARI,CHI,0,2,0,1,3,1,0,1,0,2,-210,Home,6.5
2022-04-03,VGK,VAN,2,0,0,1,3,0,0,2,0,2,-115,Away,6
2022-04-03,MIN,WAS,2,1,2,0,5,0,0,1,0,1,-135,Home,6
2022-04-03,PHI,NYR,2,0,1,1,4,0,0,3,0,3,-340,Home,6
2022-04-03,EDM,ANA,3,1,2,0,6,0,0,1,0,1,-210,Away,6.5
2022-04-03,DAL,SEA,0,0,1,0,1,1,0,3,0,4,-160,Away,5.5
2022-04-04,BOS,CBJ,1,1,0,1,3,1,1,0,0,2,-250,Away,6.5
2022-04-04,TOR,TB,1,3,2,0,6,1,1,0,0,2,-135,Home,6.5
2022-04-04,ARI,STL,0,0,1,0,1,0,4,1,0,5,-430,Home,6.5
2022-04-04,CGY,LA,1,2,0,0,3,2,0,0,0,2,-175,Away,6
2022-04-05,CAR,BUF,1,0,1,0,2,0,2,2,0,4,-290,Away,6
2022-04-05,CBJ,PHI,2,0,2,0,4,1,1,0,0,2,-140,Home,6.5
2022-04-05,COL,PIT,1,2,3,0,6,1,1,2,0,4,-115,Home,6
2022-04-05,NYR,NJ,2,0,1,0,3,1,0,0,0,1,-145,Away,6.5
2022-04-05,OTT,MTL,1,2,3,0,6,1,2,0,0,3,-115,Away,6
2022-04-05,TOR,FLA,1,4,1,0,6,1,3,2,1,7,-170,Home,7
2022-04-05,BOS,DET,2,0,1,0,3,1,2,2,0,5,-210,Away,6.5
2022-04-05,MIN,NSH,1,1,0,0,2,3,1,2,0,6,0,Even,6
2022-04-05,NYI,DAL,1,1,0,0,2,2,1,0,0,3,-135,Home,5.5
2022-04-05,EDM,SJ,0,0,1,1,2,1,0,0,0,1,-170,Away,6.5
2022-04-06,DET,WPG,1,0,2,0,3,0,1,0,0,1,-290,Home,6.5
2022-04-06,TB,WAS,2,0,1,0,3,3,1,0,0,4,-150,Away,6.5
2022-04-06,SEA,STL,0,1,0,0,1,1,1,2,0,4,-230,Home,6
2022-04-06,CGY,ANA,1,1,2,0,4,0,1,1,0,2,-270,Away,6
2022-04-06,VAN,VGK,2,2,1,0,5,1,0,0,0,1,-180,Home,5.5
2022-04-07,MTL,NJ,3,1,3,0,7,1,1,2,0,4,-160,Home,6.5
2022-04-07,NSH,OTT,1,0,2,0,3,0,1,1,0,2,-175,Away,6
2022-04-07,PHI,CBJ,0,3,1,0,4,1,0,0,0,1,-130,Home,6.5
2022-04-07,PIT,NYR,0,0,0,0,0,0,2,1,0,3,-125,Home,5.5
2022-04-07,BUF,CAR,2,1,0,0,3,0,2,3,0,5,-380,Home,6
2022-04-07,SEA,CHI,0,1,1,0,2,0,0,0,0,0,-150,Home,6.5
2022-04-07,TOR,DAL,1,1,1,1,4,1,0,2,0,3,-160,Away,6.5
2022-04-07,VAN,ARI,1,3,1,0,5,0,1,0,0,1,-170,Away,6
2022-04-07,CGY,SJ,2,1,1,0,4,1,0,1,0,2,-170,Away,6
2022-04-07,EDM,LA,1,1,1,0,3,0,1,1,0,2,-130,Away,6.5
2022-04-08,BOS,TB,0,1,0,1,2,0,1,0,0,1,-150,Home,6
2022-04-08,BUF,FLA,3,0,0,0,3,1,2,1,0,4,-475,Home,7
2022-04-08,NYI,CAR,0,1,1,0,2,0,0,1,0,1,-175,Home,5.5
2022-04-08,COL,WPG,1,2,1,1,5,2,0,2,0,4,-180,Away,6
2022-04-08,MIN,STL,1,1,1,0,3,1,0,2,1,4,0,Even,6.5
2022-04-09,NJ,DAL,0,0,3,0,3,0,1,0,0,1,-230,Home,6.5
2022-04-09,WAS,PIT,2,1,3,0,6,3,0,0,0,3,-160,Home,6.5
2022-04-09,FLA,NSH,1,1,2,0,4,1,0,0,0,1,-125,Away,7
2022-04-09,CGY,SEA,2,1,1,0,4,1,0,0,0,1,-240,Away,6
2022-04-09,CBJ,DET,1,1,2,1,5,0,2,2,0,4,-125,Home,6.5
2022-04-09,MTL,TOR,0,2,0,0,2,2,1,0,0,3,-380,Home,7
2022-04-09,OTT,NYR,1,0,0,0,1,1,3,1,0,5,-270,Home,6
2022-04-09,ANA,PHI,0,3,2,0,5,2,0,1,0,3,-115,Home,6.5
2022-04-09,NYI,STL,0,1,0,0,1,2,4,0,0,6,-115,Home,5.5
2022-04-09,ARI,VGK,1,0,0,0,1,2,1,3,0,6,-440,Home,6
2022-04-09,COL,EDM,0,0,1,1,2,0,0,1,0,1,0,Even,6.5
2022-04-09,SJ,VAN,1,1,0,0,2,1,1,2,0,4,-150,Home,5.5
2022-04-10,BOS,WAS,0,2,0,0,2,0,2,2,0,4,-130,Away,6
2022-04-10,NSH,PIT,1,0,1,0,2,1,0,1,1,3,-180,Home,6.5
2022-04-10,BUF,TB,0,0,0,0,0,2,2,1,0,5,-380,Home,6.5
2022-04-10,LA,MIN,3,0,0,0,3,2,3,1,0,6,-190,Home,6
2022-04-10,ANA,CAR,2,0,0,0,2,3,0,2,0,5,-430,Home,5.5
2022-04-10,DAL,CHI,2,3,1,0,6,2,1,1,0,4,-160,Away,6
2022-04-10,WPG,OTT,1,2,1,0,4,1,0,2,0,3,-180,Away,6
2022-04-11,WPG,MTL,0,2,2,0,4,0,1,1,0,2,-130,Away,6.5
2022-04-12,ANA,FLA,1,1,0,0,2,0,1,1,1,3,-450,Home,6.5
2022-04-12,BUF,TOR,1,1,3,0,5,0,1,1,0,2,-450,Home,7
2022-04-12,CAR,NYR,0,1,3,0,4,0,1,1,0,2,-120,Away,5.5
2022-04-12,PHI,WAS,1,0,1,0,2,3,2,4,0,9,-250,Home,6.5
2022-04-12,STL,BOS,1,2,1,0,4,2,0,0,0,2,-130,Home,6
2022-04-12,OTT,DET,1,1,2,0,4,0,1,0,0,1,-120,Home,6.5
2022-04-12,PIT,NYI,1,2,1,0,4,3,0,1,1,5,0,Even,5.5
2022-04-12,EDM,MIN,0,0,1,0,1,1,3,1,0,5,-130,Home,6.5
2022-04-12,SJ,NSH,0,0,0,0,0,0,0,0,1,1,-210,Home,5.5
2022-04-12,LA,CHI,2,1,2,0,5,0,1,1,0,2,-150,Away,6
2022-04-12,SEA,CGY,1,2,0,0,3,1,0,4,0,5,-420,Home,6
2022-04-12,TB,DAL,0,0,0,0,0,0,0,1,0,1,-160,Away,6
2022-04-12,VGK,VAN,1,1,2,0,4,1,3,0,1,5,-145,Away,6
2022-04-12,NJ,ARI,1,3,2,0,6,1,1,0,0,2,-150,Away,6.5
2022-04-13,MTL,CBJ,0,1,0,0,1,1,2,2,0,5,-160,Home,6.5
2022-04-13,NYR,PHI,1,2,1,0,4,0,0,0,0,0,-220,Away,6
2022-04-13,LA,COL,0,2,1,0,3,4,2,3,0,9,-280,Home,6
2022-04-14,ANA,TB,0,3,0,0,3,2,0,1,1,4,-380,Home,6
2022-04-14,DET,CAR,0,1,2,0,3,0,0,0,0,0,-380,Home,6.5
2022-04-14,NYI,PIT,0,1,2,0,3,2,1,3,0,6,-150,Home,5.5
2022-04-14,OTT,BOS,0,3,0,0,3,2,0,0,0,2,-280,Home,6
2022-04-14,STL,BUF,1,3,2,0,6,1,1,0,0,2,-180,Away,6.5
2022-04-14,WAS,TOR,0,2,1,0,3,2,4,1,0,7,-190,Home,6.5
2022-04-14,EDM,NSH,1,2,1,0,4,0,0,0,0,0,-125,Home,6
2022-04-14,MIN,DAL,1,1,0,1,3,0,1,1,0,2,-125,Away,6
2022-04-14,SJ,CHI,1,1,2,0,4,1,2,1,1,5,-125,Away,6
2022-04-14,VGK,CGY,1,4,1,0,6,1,0,0,0,1,-170,Home,6
2022-04-14,NJ,COL,0,0,1,0,1,0,3,0,0,3,-280,Home,6.5
2022-04-14,ARI,VAN,0,1,0,0,1,2,4,1,0,7,-320,Home,6
2022-04-15,NYI,MTL,0,0,3,0,3,0,0,0,0,0,-150,Away,5.5
2022-04-15,WPG,FLA,0,0,1,0,1,2,2,2,0,6,-280,Home,6.5
2022-04-16,CHI,NSH,1,1,1,0,3,1,2,1,0,4,-300,Home,5.5
2022-04-16,DET,NYR,0,0,0,0,0,1,1,2,0,4,-400,Home,6
2022-04-16,PIT,BOS,0,1,0,0,1,2,0,0,0,2,-130,Home,6
2022-04-16,MIN,STL,0,1,4,0,5,1,3,1,1,6,-115,Home,6.5
2022-04-16,VGK,EDM,0,0,0,0,0,1,0,3,0,4,-130,Home,6.5
2022-04-16,PHI,BUF,2,1,0,0,3,0,4,0,0,4,-160,Home,6.5
2022-04-16,TOR,OTT,0,3,1,1,5,2,1,1,0,4,-270,Away,6.5
2022-04-16,WAS,MTL,1,3,4,0,8,0,2,2,0,4,-280,Away,6.5
2022-04-16,WPG,TB,2,2,0,0,4,2,2,3,0,7,-240,Home,6
2022-04-16,SJ,DAL,0,1,0,0,1,1,1,0,0,2,-240,Home,5.5
2022-04-16,CAR,COL,0,3,1,0,4,2,3,2,0,7,-140,Home,6
2022-04-16,ARI,CGY,1,0,0,0,1,0,6,3,0,9,-600,Home,6
2022-04-16,NJ,SEA,2,0,1,0,3,1,2,0,1,4,-115,Home,6
2022-04-16,CBJ,LA,0,1,0,0,1,2,0,0,0,2,-200,Home,6.5
2022-04-17,FLA,DET,0,4,2,0,6,0,0,1,0,1,-400,Away,7
2022-04-17,BUF,PHI,2,2,1,0,5,1,1,1,0,3,-115,Away,6.5
2022-04-17,SJ,MIN,1,2,1,0,4,2,1,1,1,5,-330,Home,6
2022-04-17,STL,NSH,1,7,0,0,8,1,1,1,0,3,0,Even,6.5
2022-04-17,NYI,TOR,1,1,0,0,2,1,2,1,0,4,-180,Home,6.5
2022-04-17,CBJ,ANA,1,2,1,0,4,3,0,3,0,6,-160,Home,6
2022-04-18,CGY,CHI,3,0,2,0,5,1,1,0,0,2,-330,Away,6.5
2022-04-18,WAS,COL,1,1,1,0,3,1,0,1,0,2,-190,Home,6.5
2022-04-18,CAR,ARI,1,3,1,0,5,0,3,0,0,3,-430,Away,6
2022-04-18,NJ,VGK,1,0,2,0,3,0,1,1,0,2,-330,Home,6.5
2022-04-18,OTT,SEA,0,2,0,0,2,1,2,1,0,4,-115,Home,6
2022-04-18,DAL,VAN,1,1,0,0,2,2,2,2,0,6,0,Even,5.5
2022-04-19,DET,TB,0,3,1,0,4,0,2,1,0,3,-550,Home,6.5
2022-04-19,MIN,MTL,1,0,1,0,2,0,0,0,0,0,-260,Away,6.5
2022-04-19,PHI,TOR,0,1,1,0,2,0,3,2,0,5,-450,Home,7
2022-04-19,WPG,NYR,0,0,0,0,0,0,1,2,0,3,-230,Home,6
2022-04-19,FLA,NYI,0,1,1,1,3,0,1,1,0,2,-200,Away,6.5
2022-04-19,BOS,STL,0,2,0,1,3,1,1,0,0,2,-135,Home,6
2022-04-19,CGY,NSH,0,1,1,0,2,0,2,0,1,3,-130,Away,6.5
2022-04-19,LA,ANA,0,1,1,0,2,0,1,0,0,1,-160,Away,6
2022-04-19,OTT,VAN,0,1,2,1,4,2,0,1,0,3,-240,Home,6.5
2022-04-19,CBJ,SJ,0,0,2,0,2,3,0,0,0,3,-145,Home,6
2022-04-20,DAL,EDM,1,1,0,0,2,2,2,1,0,5,-180,Home,6.5
2022-04-20,CHI,ARI,2,1,0,1,4,0,1,2,0,3,-160,Away,6.5
2022-04-20,COL,SEA,1,0,1,0,2,3,0,0,0,3,-290,Away,6.5
2022-04-20,WAS,VGK,1,1,1,0,3,1,0,2,1,4,-150,Home,6.5
2022-04-21,BOS,PIT,0,0,0,0,0,1,2,1,0,4,-120,Home,6
2022-04-21,BUF,NJ,0,3,2,0,5,0,1,1,0,2,-145,Home,6.5
2022-04-21,DET,FLA,1,1,0,0,2,3,1,1,0,5,-650,Home,7
2022-04-21,PHI,MTL,2,2,2,0,6,1,1,1,0,3,-145,Home,6.5
2022-04-21,WPG,CAR,2,0,0,0,2,0,1,3,0,4,-280,Home,6.5
2022-04-21,NYR,NYI,3,2,1,0,6,0,1,2,0,3,-115,Away,5.5
2022-04-21,TOR,TB,0,0,1,0,1,0,4,4,0,8,-140,Home,6.5
2022-04-21,VAN,MIN,0,3,0,0,3,0,3,3,0,6,-175,Home,6
2022-04-21,DAL,CGY,0,1,1,0,2,0,1,3,0,4,-230,Home,6
2022-04-21,CHI,LA,0,1,0,0,1,1,1,2,0,4,-280,Home,6.5
2022-04-21,STL,SJ,1,1,1,0,3,1,0,0,0,1,-200,Away,6.5
2022-04-22,OTT,CBJ,0,0,1,1,2,1,0,0,0,1,0,Even,6.5
2022-04-22,SEA,MIN,2,0,1,0,3,1,5,0,0,6,-300,Home,6
2022-04-22,COL,EDM,1,1,1,0,3,0,4,2,0,6,-115,Home,6.5
2022-04-22,WAS,ARI,1,0,1,0,2,0,0,0,0,0,-430,Away,6.5
2022-04-23,CAR,NJ,0,0,2,1,3,0,1,1,0,2,-250,Away,6.5
2022-04-23,NYI,BUF,1,0,2,0,3,1,3,1,0,5,-130,Away,6
2022-04-23,PIT,DET,2,3,2,0,7,1,1,0,0,2,-290,Away,6.5
2022-04-23,NYR,BOS,0,0,1,0,1,1,1,1,0,3,-140,Home,5.5
2022-04-23,MTL,OTT,1,2,1,0,4,1,5,0,0,6,-160,Home,6
2022-04-23,NSH,TB,1,1,0,0,2,3,1,2,0,6,-145,Home,6.5
2022-04-23,TOR,FLA,2,0,0,0,2,0,2,0,1,3,-135,Home,7.5
2022-04-23,CHI,SJ,0,1,0,0,1,1,2,1,0,4,-150,Home,6.5
2022-04-23,SEA,DAL,2,0,0,0,2,0,3,0,0,3,-280,Home,6
2022-04-23,STL,ARI,3,1,0,1,5,1,0,3,0,4,-430,Away,6.5
2022-04-23,VAN,CGY,0,1,2,0,3,0,2,4,0,6,-210,Home,6.5
2022-04-23,ANA,LA,0,2,0,0,2,1,1,2,0,4,-250,Home,6
2022-04-24,CAR,NYI,2,0,3,0,5,1,1,0,0,2,-200,Away,6
2022-04-24,DET,NJ,1,0,2,0,3,0,0,0,0,0,-170,Home,6.5
2022-04-24,EDM,CBJ,1,1,0,0,2,1,0,4,0,5,-260,Away,6.5
2022-04-24,PIT,PHI,0,0,1,0,1,1,1,2,0,4,-270,Away,6.5
2022-04-24,BOS,MTL,2,2,1,0,5,0,1,2,0,3,-320,Away,6
2022-04-24,COL,WPG,0,0,1,0,1,0,0,4,0,4,-190,Away,6.5
2022-04-24,TB,FLA,3,2,3,0,8,2,1,1,0,4,-125,Home,6.5
2022-04-24,TOR,WAS,1,0,2,1,4,1,0,2,0,3,-120,Home,7
2022-04-24,MIN,NSH,1,3,0,1,5,1,2,1,0,4,-130,Away,6.5
2022-04-24,STL,ANA,0,4,2,0,6,2,0,1,0,3,-210,Away,6.5
2022-04-24,SJ,VGK,1,1,2,1,5,1,2,1,0,4,-380,Home,6
2022-04-25,PHI,CHI,1,0,0,0,1,2,0,1,0,3,-135,Home,6.5
2022-04-26,CAR,NYR,0,3,1,0,4,0,1,2,0,3,-125,Home,5.5
2022-04-26,CBJ,TB,1,0,0,0,1,2,1,1,0,4,-420,Home,6.5
2022-04-26,DET,TOR,0,0,0,0,0,0,1,2,0,3,-475,Home,6.5
2022-04-26,EDM,PIT,1,1,3,0,5,0,1,0,0,1,-140,Home,6.5
2022-04-26,FLA,BOS,2,0,0,0,2,2,1,1,0,4,-120,Away,6.5
2022-04-26,NJ,OTT,0,2,2,0,4,1,2,1,1,5,-145,Home,6.5
2022-04-26,NYI,WAS,1,0,3,0,4,1,0,0,0,1,-175,Home,6
2022-04-26,ARI,MIN,0,1,4,0,5,1,0,2,0,3,-600,Home,6.5
2022-04-26,CGY,NSH,1,1,2,1,5,0,2,2,0,4,-135,Away,6
2022-04-26,VGK,DAL,1,1,0,0,2,0,1,1,1,3,0,Even,5.5
2022-04-26,STL,COL,0,1,2,0,3,0,3,2,0,5,-175,Home,6.5
2022-04-26,SEA,VAN,0,2,0,0,2,3,0,2,0,5,-190,Home,6.5
2022-04-26,ANA,SJ,1,2,2,0,5,0,2,0,0,2,-150,Home,5.5
2022-04-27,MTL,NYR,1,1,2,0,4,0,1,2,0,3,-175,Home,6.5
2022-04-27,PHI,WPG,0,0,0,0,0,1,2,1,0,4,-200,Home,6.5
2022-04-27,ARI,DAL,0,0,3,1,4,2,1,0,0,3,-475,Home,6
2022-04-27,VGK,CHI,1,2,0,0,3,2,1,0,1,4,-210,Away,6.5
2022-04-27,LA,SEA,0,3,2,0,5,1,2,0,0,3,-145,Away,6
2022-04-28,BUF,BOS,0,0,0,0,0,0,2,3,0,5,-300,Home,6
2022-04-28,FLA,OTT,1,0,3,0,4,0,0,0,0,0,-160,Away,7
2022-04-28,NJ,CAR,1,0,2,0,3,3,1,2,0,6,-250,Home,6.5
2022-04-28,TB,CBJ,0,1,1,0,2,1,1,3,0,5,-280,Away,6.5
2022-04-28,WAS,NYI,0,0,1,0,1,2,0,3,0,5,-140,Away,5.5
2022-04-28,CGY,MIN,0,1,1,0,2,0,1,1,1,3,-115,Away,6.5
2022-04-28,NSH,COL,1,2,1,1,5,3,1,0,0,4,-320,Home,6.5
2022-04-28,SJ,EDM,2,1,1,0,4,0,2,2,1,5,-330,Home,6.5
2022-04-28,LA,VAN,0,2,0,0,2,0,0,2,1,3,-175,Home,6
2022-04-29,BOS,TOR,1,0,1,0,2,3,0,2,0,5,-120,Home,6
2022-04-29,CHI,BUF,0,1,1,0,2,0,0,2,1,3,-140,Home,6.5
2022-04-29,CBJ,PIT,0,1,2,0,3,3,2,0,0,5,-440,Home,6.5
2022-04-29,DET,NJ,1,1,3,0,5,1,1,1,0,3,-170,Home,6.5
2022-04-29,FLA,MTL,1,0,1,0,2,4,4,2,0,10,-175,Away,7
2022-04-29,OTT,PHI,0,1,3,0,4,1,0,1,0,2,0,Even,6.5
2022-04-29,WAS,NYR,0,2,0,0,2,0,2,1,0,3,-120,Home,5.5
2022-04-29,TB,NYI,1,0,5,0,6,1,2,1,0,4,-170,Away,6
2022-04-29,CGY,WPG,1,0,0,0,1,1,1,1,0,3,-135,Away,6.5
2022-04-29,COL,MIN,0,1,0,0,1,2,1,1,0,4,-160,Home,6.5
2022-04-29,VGK,STL,1,2,4,0,7,1,2,1,0,4,-170,Home,6
2022-04-29,ANA,DAL,1,1,0,0,2,0,2,2,0,4,-240,Home,5.5
2022-04-29,VAN,EDM,1,0,1,0,2,0,0,2,1,3,-120,Home,6.5
2022-04-29,SJ,SEA,0,0,0,0,0,2,0,1,0,3,-135,Home,6
2022-04-29,NSH,ARI,4,0,0,0,4,1,2,2,0,5,-230,Away,6.5